{
  "images": [
    "https://play-lh.googleusercontent.com/9-PYw8mwBuIIEWHt3oNDKe0h8Xky6ech8mWl-NbGthX8LvIhuBVdK8ttrBVeLzOjKGI=w526-h296-rw",
    "https://play-lh.googleusercontent.com/iyaRC63b68N3rnUSDJyMa-RaqWhp9Pjkw781AZCj8KIJP_x3OgvybOjolMrIL9cySWP1=w526-h296-rw",
    "https://play-lh.googleusercontent.com/_r6E-IHqwKDqwqNCEdlmthc7pI36yXL5SgWHbx1rYT32sVBIKBlFiuPP11Tgj0I_iTo=w526-h296-rw",
    "https://play-lh.googleusercontent.com/-jNRbZzaVYJPaV9Mx6e1_EJnmoeWlW15ZMJtM-t4zzP_P7t8KdgivxdM0pMBdLPE884=w526-h296-rw",
    "https://play-lh.googleusercontent.com/mmXgRfzKW6JG5kQ42QNxB_UTU5GG9B451sW4qmSI8bSCNu4bzBK7Lgzk5vveVyjrHg=w526-h296-rw"
  ],
  "title": "Seven Knights Idle Adventure",
  "icon": "https://play-lh.googleusercontent.com/rMcSW2bCednEi239X8xFJJ8y_ApvKpYx-ZnWg3SRG6uoq4R77RW2eZTWsKlpsSGk_XI=w240-h480-rw",
  "subTitle": "Ролеви/Неактивни ролеви игри",
  "desc": "Разгръща се нова глава от Седемте рицари!<br>Запознайте се с нови герои, както и с познати лица от други игри на Seven Knights и се присъединете към тях в тяхното вълнуващо приключение!<br>▶ Включете, когато сте далеч!<br>Борете се и ставайте по-силни с лекота!<br>Автоматичната битка ви позволява да получавате EXP и злато, дори когато не сте влезли!<br>▶ Създайте свой собствен екип от герои!<br>Запознайте се с любимите герои на Седемте рицари!<br>Накарайте екипа си да блесне с уникални герои!<br>▶ Стратегическа битка 10 срещу 10!<br>Насладете се на грандиозни битки с участието на до 10 героя!<br>Покажете какво могат вашите герои в полето, подземията и арената!<br>▶ Изглеждайте свежи с домашни любимци и костюми!<br>▶ Вземете тонове рубини в голямото събитие за влизане!<br>Поддръжка за бързо включване!<br>Вземете тонове награди за влизане и засилете героите си бързо! <br>※ Това приложение предлага покупки в приложението. Можете да деактивирате тази функция, като коригирате настройките на вашето устройство.<br>※ С изтеглянето на тази игра вие се съгласявате с нашите Общи условия и Политика за поверителност.<br> <br> - Условия за ползване: https://help.netmarble.com/terms/terms_of_service_en<br> - Правила за поверителност: https://help.netmarble.com/privacy_policy/skiagb"
}