{
  "images": [
    "https://play-lh.googleusercontent.com/73d1QaX5wH1JcqBw3Dl6PQv3hmni-jgxT0gmye8_nI2Th9KrvjSKEkKA37W5-Zb28A=w526-h296-rw",
    "https://play-lh.googleusercontent.com/aM4OQFa43Rqq_TxUxHFeCNtZt5Q7DQEfnZpeHGZsku6YsCKJ2hzS4MbCB8e0QJvQOdM=w526-h296-rw",
    "https://play-lh.googleusercontent.com/2eU3NDmUYmd0Ew-7-Rx0fmRPDdkbeT-Yy7Fo4Jx-yiuckJm_k8LhY6DwkzrtxkO5eu90=w526-h296-rw",
    "https://play-lh.googleusercontent.com/z8xHDvmMqghIsl9wvkHw2tkwP5KJ6SuYhVe0x_C2zVRHJL6Mh0K52aigddrEcO2OMKA=w526-h296-rw",
    "https://play-lh.googleusercontent.com/bvzpNUWh0U71jRYBGbmpr0RnYSoz1m_EBVPy4qlpPjGWhI0EKGfrig7HCOn45iDkPXc=w526-h296-rw"
  ],
  "title": "Roblox",
  "icon": "https://play-lh.googleusercontent.com/7cIIPlWm4m7AGqVpEsIfyL-HW4cQla4ucXnfalMft1TMIYQIlf2vqgmthlZgbNAQoaQ=w240-h480-rw",
  "subTitle": "Симулационни/Тестова среда/Казуални",
  "desc": "Roblox е най-добрата виртуална вселена, която ви позволява да създавате, да споделяте опит с приятели и да бъдете всичко, което можете да си представите. Присъединете се към милиони хора и открийте безкрайно разнообразие от завладяващи изживявания, създадени от глобална общност!<br>Вече имате акаунт? Влезте със съществуващия си акаунт в Roblox и изследвайте безкрайната метавселена на Roblox.<br>МИЛИОНИ ПРЕЖИВЯВАНИЯ<br>В настроение за епично приключение? Искате ли да се състезавате срещу съперници от цял свят? Или просто искате да излизате и да чатите с приятелите си онлайн? Нарастващата библиотека от преживявания, създадена от общността, означава, че винаги има нещо ново и вълнуващо за вас всеки ден.<br>ИЗСЛЕДВАЙТЕ ЗАЕДНО ПО ВСЯКО ВРЕМЕ И НАВСЯКЪДЕ<br>Забавлявайте се в движение. Roblox разполага с пълна междуплатформена поддръжка, което означава, че можете да се присъедините към вашите приятели и милиони други хора на техните компютри, мобилни устройства, Xbox One или VR слушалки.<br>БЪДЕТЕ ВСИЧКО, КОЕТО МОЖЕТЕ ДА СИ ПРЕДСТАВИТЕ<br>Бъдете креативни и покажете своя уникален стил! Персонализирайте своя аватар с тонове шапки, ризи, лица, екипировка и др. С непрекъснато разширяващ се каталог от артикули няма ограничение за външния вид, който можете да създадете.<br>ЧАТ С ХОРА, КОИТО ПОЗНАВАТЕ<br>Партито е безпроблемен начин до шестима приятели да се групират и да се впуснат в преживяване заедно. Присъединете се към хора, които познавате, и останете заедно, докато преминавате през преживявания. Потребителите над 13 години също могат да използват Party за чат чрез глас или текст. Никога не е било по-лесно да координирате и комуникирате в Roblox.<br>СЪЗДАЙТЕ СВОИ СОБСТВЕНИ ИЗЖИВЯВАНИЯ: https://www.roblox.com/develop<br>ПОДДРЪЖКА: https://en.help.roblox.com/hc/en-us<br>КОНТАКТ: https://corp.roblox.com/contact/<br>ПОЛИТИКА ЗА ПОВЕРИТЕЛНОСТ: https://www.roblox.com/info/privacy<br>РЪКОВОДСТВО ЗА РОДИТЕЛИ: https://corp.roblox.com/parents/<br>УСЛОВИЯ ЗА ПОЛЗВАНЕ: https://en.help.roblox.com/hc/en-us/articles/115004647846<br>МОЛЯ, ОБЪРНЕТЕ ВНИМАНИЕ: За присъединяване е необходима мрежова връзка. Roblox работи най-добре през Wi-Fi."
}