{
  "images": [
    "https://play-lh.googleusercontent.com/ozPdGXXZdOTy89wcLRV6MD3TLbGVuwZlj5qd5t8TvyEcz3O3xFtyXwmzxMKSqlPC3T4=w526-h296-rw",
    "https://play-lh.googleusercontent.com/ECfwLx3aFKTxD46f7JR_DEZNEEb2bQC44HXigJGRcga5yT9YZJtT6mG9BaQ1uTFh4JCX=w526-h296-rw",
    "https://play-lh.googleusercontent.com/NKLGjS_OoDmfTS0-Fm1x4a4vcNeILROId_gfgW9xS1P1iEB_NKSY3HsB6TbSq_wRxQ=w526-h296-rw",
    "https://play-lh.googleusercontent.com/ma6O4M2MUg2N_cRAxcLx6_99zdPScp_lF5vA9ujSkmzm23DPqm-ZOI7bRHNH8RdBq_o=w526-h296-rw",
    "https://play-lh.googleusercontent.com/n2aD-0vqglY3xxdgsYmDPiK84rVfsImg7lDd7djhiDB_SE1N7rwdl-NzlWAyFylzdA=w526-h296-rw"
  ],
  "title": "Persona5: The Phantom X",
  "icon": "https://play-lh.googleusercontent.com/uhf0JJTjPDIddePmWRxLsyECg2YtMpHlv6xD_td9kCn_iy4lWSmzpKnabCOk-iAvSQ=w240-h480-rw",
  "subTitle": "Ролеви/Походови ролеви игри",
  "desc": "TGS 2024 Japan Game Awards: Победител в категорията Future Games!<br>След одобрената от критиците серия Persona, която е продала над 23,5 милиона копия в световен мащаб, Persona5: The Phantom X е готова за пускане!<br>■Тук съм, за да открадна твоето изкривено сърце<br>Ученик през деня, фантом крадец през нощта: разобличете корумпираните големци от реалния свят, като изземете техните изкривени желания от сенките на Метавселената. Със завладяващ сюжет, уникални герои и вълнуващ геймплей, всичко, което сте опознали и обикнали от поредицата Persona, ви очаква в това ново приключение!<br>■История<br>След като се събужда от кошмар, главният герой е хвърлен в променен свят, лишен от надежда... И новите лица, които среща, са не по-малко странни: красноречива сова на име Луфел, мъж с дълъг нос и красавица, облечена в синьо.<br>Докато се движи из мистериозните царства на Метавселената и Кадифената стая и се бори с пагубни видения, които заплашват ежедневието му, той трябва да открие какво може да вземе от този нов свят – и всичко това в истинския стил на Phantom Thief.<br>■Официален уебсайт<br>https://persona5x.com<br>■Официален X акаунт<br>https://www.x.com/P5XOfficialWest<br>■Официален акаунт във Facebook<br>https://www.facebook.com/P5XOfficialWest<br>■Официален акаунт в Instagram<br>https://www.instagram.com/P5XOfficialWest<br>■Официален раздор<br>https://discord.gg/sCjMhC2Ttu"
}