{
  "images": [
    "https://play-lh.googleusercontent.com/x_DfedUpcn03JH1d7joBfn1XKhI8L9fHT0NUHG6P3Nac92QQSBMhmRbQ3yLMYCQ9-ZX5KPg4udf8EWr4mAwGBg=w526-h296-rw",
    "https://play-lh.googleusercontent.com/kvr5rmJrwT1MOotibImEkwVP2xRMK4KK1dR8gJzd5a822ooFMmeaZyPFEEx6qqXTxi6cXMDw9u3mMe8_QJ7Q2qE=w526-h296-rw",
    "https://play-lh.googleusercontent.com/xrCSuj0saIlwKuBmRERS7f3EtlN3O-jAAFoZvinFR16P_B4u0zTOHDdYnV46inD4dRV6iTw168EuqHQkhzNxgg=w526-h296-rw",
    "https://play-lh.googleusercontent.com/8DElCKZYFUjQoWWXeQKASv4oV2tMtidRcpwKqMkh4MzJv2puXETniDtlO7_PwM-WKXTpaLBZNokcDsFjygUj4w=w526-h296-rw",
    "https://play-lh.googleusercontent.com/1iHkeLHI15sgT_O9VQ14HkkOPiMvEE3DCtET4-AtXbQP6x1KJKjqIsMfSMvtxu3g_NftXIaz85DzbiTzinlOcQ=w526-h296-rw"
  ],
  "title": "Reverse: 1999 - AC Collab",
  "icon": "https://play-lh.googleusercontent.com/2ertmWdllgean69_yTl3PjdDC2kRkDMF3UArP5pUq9LGZEMx1WbKCyMkdLzWTiVQbnDNDQ8Rt9UgzgJDW7tI_RM=w240-h480-rw",
  "subTitle": "Ролеви/Походови ролеви игри",
  "desc": "[Обратна страна: 1999 x Assassin's Creed] Открито сътрудничество!<br>Нови 6-звездни герои от Collab [Ецио (Звезда)], [Касандра (Минерал)] и 5-звезден герой [Алексиос (Звяр)] дебютират!<br>Влезте, за да получите 40 призовавания, безплатен абонамент и безплатен Collab 5-Star [Alexios]!<br>Обратна страна: 1999 е стратегическа ролева игра за пътуване във времето от 20-ти век, разработена от Bluepoch. <br>В последния ден на 1999 г. \"Бурята\" връхлетя света. Станахте свидетели на една обърната ера под издигащите се дъждовни капки. Опровергавайки всички причини, това, което се разкрива пред вас, е светът на една отдавна отминала епоха.<br>Като Пазител на времето, наблюдател на епохи, вие сте свободни да пътувате през тези епохи след всяка „Буря“. С помощта на Sonetto, мощен Arcanist и съюзник от Фондацията, вашата мисия е да пътувате през епохи до мястото, където „Бурята“ е най-активна, да намерите други Arcanists, които могат да усетят идващата „Буря“, и да ги спасите от „отсяване“ от времевата линия.<br>▶▶Зашеметяващи визуални ефекти, съчетаващи ретро и модерна естетика◀◀<br>Влезте в мистериозната алтернативна история, анимирана от уникални визуални елементи, които съчетават поп арт, класическа маслена живопис и други стилове на изкуството в историята. <br>▶▶Кинематографично приключение през 20-ти век◀◀<br>От бурните 20-те до началото на хилядолетието вие ще се впуснете в пътешествие във времето и пространството и ще разкриете истината за „Бурята“ и мистерията на 1999 година.<br>▶▶Пълна английска гласова игра с автентични акценти◀◀<br>Потопете се в минали векове. Насладете се на история, изпълнена от разнообразни гласови актьори с британски, италиански, френски и други акценти. <br>▶▶Фантастични арканисти от различни времена и региони◀◀<br>Някога хората са ги наричали „магове“, „магьосници“ и „изроди“. Сега те живеят в неспокойно съжителство с обикновените хора… Но кои са всъщност арканистите?<br>▶▶Изплетете тайнствени заклинания, за да постигнете славни победи◀◀<br>Изградете своя екип, правете магии и използвайте великолепни тайнствени умения, за да победите враговете си. Започнете своето вълнуващо приключение във времето в тази изцяло нова ролева игра.<br>Официален уебсайт: https://re1999.bluepoch.com/en/home<br>Фейсбук: https://www.facebook.com/reverse1999global<br>Twitter: https://twitter.com/Reverse1999_GL<br>YouTube: https://www.youtube.com/@Reverse1999<br>Discord: https://discord.com/invite/reverse1999"
}