{
  "images": [
    "https://play-lh.googleusercontent.com/G3pH38wmgu0N9ZEcfeo-sAVy9sgYCS6H3DM5WdXQH8YFfm138KIfjyNJ_BKSydeH2w=w526-h296-rw",
    "https://play-lh.googleusercontent.com/a1UIYOcMC7Nj3owYWIES8C5JFJydGTf8qUQFnmdCBPn3rTJpqeypp9nR1-BrIfuM_Wq2=w526-h296-rw",
    "https://play-lh.googleusercontent.com/4OnZpgGK_xdUt6Adq7Vv7WlMnZujNfOp_NY71tVkm_6aMjSWNBfa7FWBf-hhKY1iBfQ=w526-h296-rw",
    "https://play-lh.googleusercontent.com/qnQTaIm9ruJfFUTXTyz0KxHJffPGawNr833HiSH9iSh-TEZ16leMC-AcjZGwFgskJrU=w526-h296-rw",
    "https://play-lh.googleusercontent.com/p8IYmIXomjo0lW7xF0pDpM6r1MoPijVNJzmH3tvyKjF0K5Mu0A1W18YDlDRLhK0cuw=w526-h296-rw"
  ],
  "title": "CookieRun: Kingdom",
  "icon": "https://play-lh.googleusercontent.com/bckxAVrrNTfteLR9GuoW672p9jiQG2mIe6TpL6w4KuSSrnppSTHPCOW3JUBPri1CbnUz=w240-h480-rw",
  "subTitle": "Ролеви/Екшън със стратегия",
  "desc": "◼︎ ЛЮБИМИТЕ НА ВСИЧКИ МАЛКИ ГЕРОИ: БИСКВИТКИТЕ<br>Запознайте се с нашите бисквитки, всички озвучени от невероятен глас актьори<br>Станете свидетел на епичните им умения, влюбете се в гласовете им и ги облечете в нови шикозни костюми.<br>Присъединете се към бисквитките в CookieRun: Kingdom!<br>◼︎ ТРЕНЕТЕ НА ЕПИЧНО ПЪТУШЕНИЕ ОКОЛО EARTHBREAD<br>Тайните на древните бисквитки и техните кралства чакат да бъдат разгадани.<br>Присъединете се към GingerBrave и неговите приятели срещу Dark Enchantress Cookie и нейния тъмен легион.<br>Хрониките на CookieRun: Kingdom току-що започнаха!<br>◼︎ ИЗГРАДЕТЕ ВКУСНО СЛАДКО КРАЛСТВО<br>Изберете от голямо разнообразие от уникални декори, за да проектирате Кралството на вашите мечти.<br>Произвеждайте материали, изработвайте артикули, организирайте всякакви дейности — оживеният живот в кралството ви очаква!<br>◼︎ БИВАЙТЕ ПЪТЯ СИ ДО ПОБЕДАТА<br>Създайте най-добрия екип за бисквитки с безкрайни комбинации от съкровища и топинги<br>Докажете своите бойни умения в Kingdom Arena, Cookie Alliance, Super Mayhem и Guild Battles!<br>Измислете различни стратегии, за да излезете победител!<br>■ НОСЕТЕ СЛАВА НА ГИЛДИЯТА СИ<br>Стигнете до върха на таблицата за класиране с вашите колеги от гилдията.<br>Разширете домейна на вашата гилдия и събирайте реликви от гилдията, за да станете най-силната гилдия!<br>[Необходим достъп]<br>За устройства с Android 10 или по-стари версии:<br>Съхранение: позволява на приложението да инсталира играта и да запазва данни за играта<br> • READ_EXTERNAL_STORAGE<br> • WRITE_EXTERNAL_STORAGE<br>За устройства с Android 11 или по-нова версия:<br>※ Ако играете играта като гост, вашите данни за играта ще бъдат изтрити при изтриване на приложението.<br>[Отказване на достъп]<br>Изберете Разрешаване или Отказ в Настройки, Поверителност или избраното разрешение"
}