{
  "images": [
    "https://play-lh.googleusercontent.com/AQUsfJqL8HoXfE_4tK8R3e_iQ9fgb07nm-sky6LRuh-mjz3iDzE45G1c8OMle9lpKw=w526-h296-rw",
    "https://play-lh.googleusercontent.com/LEXzraJx3sOFs7YqilpT_tmqgiNyWZe2Ha1kw9U03ndjwWIarQ88PZqfzxotKZQhnKA=w526-h296-rw",
    "https://play-lh.googleusercontent.com/3SsSYenwDSQji9oGtaKkW00EOzNeUvc_UQD1lLBgGeugNNQNOQt8Xv1BvPLZxqVCVyqS=w526-h296-rw",
    "https://play-lh.googleusercontent.com/Udh7U8dwzHTz27ryW0kwPgmmiUMQOHUzIZV5IKPlOG3z62Y63bzS0MKz4SjztEqZ-Jg=w526-h296-rw",
    "https://play-lh.googleusercontent.com/Fo-0hVLPB0WvIcPYgExvfHZwoOez0lXhfmccb1MGAF9k-mwg7pYqG_MCZlp_chGufPo=w526-h296-rw"
  ],
  "title": "Garena® Delta Force",
  "icon": "https://play-lh.googleusercontent.com/utG-EAUp93da_Bp0-AeOS7M8xYWRcSYhjIcxKFxhfcSU32moPHIhL9IS-AT20gaJ8w=w240-h480-rw",
  "subTitle": "",
  "desc": "Започва „Почивката“ в новия сезон!<br>???? Ново сътрудничество – Delta Force x Arknights<br>Операторите от хитовата стратегическа ролева игра Arknights пристигат в Delta Force! Изследвайте изключителни кожи, мисии с ограничено време и съдържание, което чака да бъде открито.<br>- Нов оператор – Tempest<br>Нахвърлете, парализирайте враговете и се отдръпнете невредими.<br>- Нова карта за война – Cyclone<br>Карайте новия джет ски в нова карта, повлияна от времето!<br>- Нова карта с висок риск – затвор Tide<br>Надхитри затворническите пазачи и бий своя път към свободата."
}