{
  "images": [
    "https://play-lh.googleusercontent.com/jDjTGJTGen9CClH8w3EAo6c3SehgGCEqSSovBCeMy-HwL2u7u5LyjUc4lAyfp_BtEGM=w526-h296-rw",
    "https://play-lh.googleusercontent.com/-m6PBQFSq3JNqUsXybFRATiGCeKfcIroKdr0NX5neG0hJw-kIzq_vC4u3_kG7LGmxg=w526-h296-rw",
    "https://play-lh.googleusercontent.com/53Gt6JSEgimzjBw2_yOgFnftR5tDAcEXjpbAeVGzMJMq1s3whv-HF8TSu14ozeFjifc=w526-h296-rw",
    "https://play-lh.googleusercontent.com/m9ghiMKZmUwcROE9tqNVb_ZxlEoXkWY2AohSVz0P70YSgt_mQpYVj4Vgv3UXvDpO_0M=w526-h296-rw",
    "https://play-lh.googleusercontent.com/ei9wKL55GgFOdpTz0cLqvOJnuVbV_1VsPdzv2wRUS6ZYAA6ZXR8KmZgUs8KgbgHSvLs=w526-h296-rw"
  ],
  "title": "Sky: Children of the Light",
  "icon": "https://play-lh.googleusercontent.com/Y3EGSP2XekSNQTFcCnhzHaUrMt94ujawgImieIPT0BBcDvd5Bh6BfaFcrlGpenIzhZs=w240-h480-rw",
  "subTitle": "Ролеви/MMORPG",
  "desc": "Sky: Children of the Light е мирна, награждавана MMO от създателите на Journey. Изследвайте красиво анимирано кралство в седем сфери и създайте обогатяващи спомени с други играчи в тази възхитителна пъзел-приключенска игра.<br>Характеристики на играта:<br>В тази социална игра за много играчи има безброй начини да се срещнете и да играете с нови приятели.<br>Всеки ден предлага възможност за приключения. Играйте често, за да отключите нови изживявания и да бъдете възнаградени със свещи, които да откупите за козметика.<br>ПЕРСОНАЛИЗИРАЙТЕ ВАШИЯ ВИД<br>Изразете себе си! Нови визии и аксесоари са налични всеки нов сезон или събитие.<br>БЕЗКРАЙНИ ИЗЖИВЯВАНИЯ<br>Научете нови емоции и придобийте мъдрост от по-възрастни духове. Предизвикайте играчите на състезание, настанете се удобно около огъня, свирете на инструменти или се състезавайте надолу по планините. Каквото и да правите, пазете се от Крил!<br>КРУС-ПЛАТФОРМА ИГРА<br>Присъединете се към милиони реални играчи от цял ​​свят!<br>ПОКАЖЕТЕ АРТИСТИЧНАТА СИ СТРАНА<br>Присъединете се към нашата талантлива общност от творци! Правете снимки или видеоклипове от играта и споделяйте спомени, докато играете с новите си приятели.<br>Победител в:<br>-Мобилна игра на годината (Apple)<br>-Изключителен дизайн и иновация (Apple)<br>- Повечето потребители във виртуален свят с концертна тема (Световен рекорд на Гинес)<br>-Мобилна игра на годината (SXSW)<br>-Най-добър визуален дизайн: Естетичен (Webby)<br>-Най-добър геймплей и избор на хората (награди за игри за промяна)<br>-Награда на публиката (Награда за избор на разработчици на игри)<br>-Най-добра независима игра (Награди за Tap Tap Game)"
}