{
  "images": [
    "https://play-lh.googleusercontent.com/t1p0uafX26v-lG22bUYEG8Avq6ioiFkTBLfhoe-G9edDGXD0OzUFZzoNtJcDV1RsJnWGLgBnRySFxuRXdODUwg=w526-h296-rw",
    "https://play-lh.googleusercontent.com/d-GlgIX2r0GfO6BEKI5nN2c68zpKqT0FNlqFBRRqAwJEOra89EMcKvuNq1Q8go8ZHsPgmRh_Hv7oCoULHTzKWu0=w526-h296-rw",
    "https://play-lh.googleusercontent.com/d6viMB2a6aWg_EE9vI2H0_PNok72GzDeVA6B4LVq80bq1mOkRdXRiFuldJf32bS38oq8LsbjKdwzGCAXgpc1cQ=w526-h296-rw",
    "https://play-lh.googleusercontent.com/Q8eeG6f0ecMP6IBt-6V9AuB1GeYNw_CWzxxtjMdoXMia_aJ7oq8V5oy4QtjxXgL8pgDiBQ37PleAvLqrTk9Tdg=w526-h296-rw",
    "https://play-lh.googleusercontent.com/aZ5jodfkSXKbZvTqAi6LMcP0BB4wP6lGFUmCyfzjRa30x4tTryhIVozlsMRA4V9ZekJgEZyAKwJPdoUy-XZRrrw=w526-h296-rw"
  ],
  "title": "Magic Chess: Go Go",
  "icon": "https://play-lh.googleusercontent.com/0YFChom7BdMkIgshcKHweiP7LriiGg7j7CS5mS4JWCSZkmFD5hRZnOsEGf93u5TgpDccD6NmM7SgBgV7txXWNw=w240-h480-rw",
  "subTitle": "Стратегически/Автоматичен шах",
  "desc": "Нова стратегическа игра от екипа на MLBB! <br>Добре дошли в Magic Chess: Go Go, най-добрата стратегическа игра, съчетаваща MLBB герои със свеж и непринуден геймплей. Не става въпрос за бърза механика, а за мъдрост и малко късмет! Играйте навсякъде, по всяко време и се забавлявайте с приятели!<br>Ново бойно поле за MLBB Heroes: Напълно надградена стратегия<br>Водете любимите си MLBB герои по изцяло нов начин. Набирайте, обединявайте и разработвайте стратегии, за да формирате най-добрия състав.<br>Showdown 8-Player: Надхитри, за да станеш шампион<br>Изправете се срещу 7 други в тактическа битка на разума. Искате повече забавление? Обединете се с приятели и им покажете кой е истинският стратег!<br>Уникални командирски умения: Вашето тактическо предимство <br>Всеки Commander носи изключителни умения, които ви позволяват да създавате смели, персонализирани стратегии, за да доминирате в играта.<br>Мощни карти: Ключ към щастливи завръщания<br>Изберете от различни Go Go карти на ключови етапи, за да увеличите максимално предимството си и да обърнете таблицата. Всяка карта може да бъде ключът към спечелването на тази вълнуваща шах битка!<br>Присъединете се към MCGG сега и овладейте дъската със стратегия и стил!<br>Имейл за обслужване на клиенти: mobilechess.help@moonton.com<br>Официален уебсайт: https://play.mc-gogo.com<br>Youtube: https://www.youtube.com/@MagicChessGoGo"
}