{
  "images": [
    "https://play-lh.googleusercontent.com/DwWb_zhYLwNFYVxRAmWVodLuP-i_YA0Qdjv4wS2-MmW93G9BMfJb9j08kp01T8sGMODYqgMy2LpU6HplOwJ-Sw=w526-h296-rw",
    "https://play-lh.googleusercontent.com/7UQAwtNJqpgT8b_pKo7rPfLXKW4IJgsLpASI9vzgRYwGvqMmR0vhuEOsE4g4vJFL6K4n5RfXrNFEYsTeeCDs1l4=w526-h296-rw",
    "https://play-lh.googleusercontent.com/pUF0-RSIGwK_UB6BEuTn-pJBrZdocvYx4JgaNyXcv-RWGw8fayw3cvLEXmFtivMG5VXxBkwy-VwmGrof-Djt=w526-h296-rw",
    "https://play-lh.googleusercontent.com/zVGftpdWCoWRgfGH0l7uiYx40HijeOWdpO2M4SAEUwBhmFPf6CR9gx_DyLzjjVzUCA56GsBhrCgegjYdIMqDysM=w526-h296-rw",
    "https://play-lh.googleusercontent.com/HlquA-MUok-oS6kqaX5WWi6l0tyv-XKyqVQcMrCkUzYXS223euF_jtJxKiQHqgP9SsECLx5AS3_kcI_YVyTh=w526-h296-rw"
  ],
  "title": "Mobile Legends: Bang Bang",
  "icon": "https://play-lh.googleusercontent.com/Bi6Ci1rk-szbr2-zaiy1ERCwgf6ndaNX81btfma8JurIMAg-_E5erEHGT2E5U6pyRCGSaV0091Kdt6tOboL9t9Y=w240-h480-rw",
  "subTitle": "Стратегически/MOBA",
  "desc": "Присъединете се към приятелите си в Mobile Legends: Bang Bang, чисто новото 5v5 MOBA разкриване и се бийте срещу истински играчи! Изберете любимите си герои и изградете перфектния екип с вашите бойни другари! 10-секундно сватовство, 10-минутни битки. Лейнинг, джунглинг, бутане и отборни боеве, цялото забавление на PC MOBA и екшън игрите в дланта на ръката ви! Нахранете своя eSports дух!<br>Mobile Legends: Bang Bang, увлекателната MOBA игра за мобилни устройства. Разбийте и надиграйте враговете си и постигнете крайната победа със съотборниците си!<br>Вашият телефон е жаден за битка!<br>Характеристики:<br>1. Класически MOBA карти и битки 5 на 5<br>Битки 5v5 в реално време срещу реални играчи. 3 ленти, 4 зони в джунглата, 2 боса, 18 отбранителни кули и безкрайни битки, всичко, което има класическата MOBA, е тук!<br>2. Печелете с екипна работа и стратегия<br>Блокирайте щетите, контролирайте врага и лекувайте съотборници! Изберете от танкове, магове, стрелци, убийци, поддръжници и т.н., за да закотвите своя отбор и да станете MVP! Постоянно се пускат нови герои!<br>3. Честни битки, водете отбора си към победа<br>Точно като класическите MOBA, няма обучение на герои или плащане за статистика. Умението и стратегията са всичко, от което се нуждаете, за да можете да спечелите интензивната конкуренция на тази справедлива и балансирана платформа. Играйте, за да спечелите, а не да плащате, за да спечелите.<br>4. Прости контроли, лесни за овладяване<br>С виртуален джойстик отляво и бутони за умения отдясно, 2 пръста са всичко, от което се нуждаете, за да станете майстор! Автоматичното заключване и превключването на целта ви позволяват да ударите за последно до желаното. Никога не пропускайте! А удобната система за оборудване с докосване ви позволява да купувате оборудване навсякъде на картата, за да можете да се съсредоточите повече върху тръпката от битката!<br>5. 10 секунди сватовство, 10 минути мачове<br>Сватовството отнема само 10 секунди. А мачът отнема само 10 минути. Прегледайте тихото изравняване в началото на играта и скочете направо в интензивните битки. По-малко скучно чакане и повтарящо се фермерство и по-вълнуващи действия и победи с юмрук. На всяко място и във всеки един момент просто вземете телефона си, стартирайте играта и се потопете в разтърсващото състезание MOBA.<br>6. Интелигентна офлайн AI помощ<br>Прекъснатата връзка може да означава да изкачите отбора си да изсъхне в интензивен мач, но с мощната система за повторно свързване на Mobile Legends: Bang Bang, ако бъдете прекъснати, можете да се върнете в битката за секунди. И докато сте офлайн, нашата AI система ще поеме временно контрола над вашия герой, за да избегне ситуация 4 на 5.<br>МОЛЯ ОБЪРНЕТЕ ВНИМАНИЕ! Mobile Legends: Bang Bang е безплатно за изтегляне и игра, но някои игрови елементи могат да бъдат закупени и с истински пари. Ако искате да използвате тази функция, моля, настройте защита с парола за покупки в настройките на вашето приложение Google Play Store. Освен това, съгласно нашите Общи условия и Политика за поверителност, трябва да сте навършили 12 години, за да играете или изтегляте Mobile Legends: Bang Bang.<br>Свържете се с нас<br>Можете да получите съдействие за обслужване на клиенти чрез бутона [Свържете се с нас] в играта, за да ви помогнем с всички проблеми, които може да срещнете, докато играете. Можете също да ни намерите на следните платформи. Приветстваме всички ваши мисли и предложения за Mobile Legends: Bang Bang:<br>Имейл за обслужване на клиенти:<br> mobilelegendsgame@moonton.com<br>Instagram:<br> @mobilelegendsgame<br>YouTube:<br> https://www.youtube.com/c/MobileLegends5v5MOBA"
}