{
  "images": [
    "https://play-lh.googleusercontent.com/FUr0IiQACKjytS6C2v5-vAaY2e-dRR6ZJSsvTqslpx5hiKRvLoCSlT1JxzdUN0nH1bTT=w526-h296-rw",
    "https://play-lh.googleusercontent.com/XJFJdi6q2xmxofHsFLhHupHc-10gNLd63gkidRKamT-mvGKBxuw5uVPa6n1sVCPaF032=w526-h296-rw",
    "https://play-lh.googleusercontent.com/3Ye-69o6rWeN3960bvY1gi2I0Cu5HJo04jPkRf4KCxBXQCztLG9vkWAF4LunXRAx9j4=w526-h296-rw",
    "https://play-lh.googleusercontent.com/rPgWeRxjDmKQMQU73wqvibyOIDPw6MQhZLSVcteJulNf4AFraFV2foQMEHBfUUOdpwQ=w526-h296-rw",
    "https://play-lh.googleusercontent.com/qoEymD7a_CDbOWDEyz0AgHKlB1fmFajlLho6QosjzyvwsDrqtJ9QLmpX9Mucac235N0=w526-h296-rw"
  ],
  "title": "AFK Journey",
  "icon": "https://play-lh.googleusercontent.com/Gtr6sMekjBdbMakdPtl7kr2fZKxtOs0Jm-pu4t1PioThmnG9azrAH4157CNM_xa5hnY=w240-h480-rw",
  "subTitle": "Ролеви/Екшън със стратегия/Казуални",
  "desc": "Влезте в Esperia, фантастичен свят, пълен с магия - самотно семе на живот, криволичещо сред морето от звезди. И на Есперия се вкорени. Докато реката на времето течеше, някогашните всемогъщи богове паднаха. Докато семето растеше, всеки клон поникна с листа, които станаха расите на Есперия.<br>Ще играете като легендарния маг Мерлин и ще преживеете стратегически тактически битки. Време е да се потопите в един неизследван свят и да тръгнете на пътешествие, за да отключите скрита мистерия заедно с героите на Esperia.<br>КЪДЕТО И ДА ОТИДЕТЕ, МАГИЯТА СЛЕДВА.<br>Не забравяйте, че само вие можете да напътствате героите да извадят меча от камъка и да научат истината за света.<br>Изследвайте Ethereal World <br>Поведете Шестте фракции към тяхната съдба<br>• Потопете се в завладяващото царство на магическа книга с разкази, където можете сами да изследвате света. От блестящите полета на Golden Wheatshire до сияещата красота на Dark Forest, от Remnant Peaks до планините Vaduso, пътувайте през удивително разнообразните пейзажи на Esperia.<br>• Създайте връзки с героите от Шестте фракции по време на вашето пътуване. Ти си Мерлин. Бъдете техен водач и им помогнете да станат това, което е предназначено да бъдат.<br>Овладейте стратегиите на бойното поле<br>Победете всяко предизвикателство с прецизност<br>• Шестнадесетична бойна карта позволява на играчите свободно да събират своите герои и да ги позиционират стратегически. Изберете между смела стратегия, съсредоточена около мощен основен нанасящ щети, или по-балансиран екип. Станете свидетели на различни резултати, докато експериментирате с различни формации на герои, създавайки увлекателно и непредсказуемо игрово изживяване в това фантастично приключение.<br>• Героите идват с три различни умения, като върховното умение изисква ръчно освобождаване. Трябва да настроите атаката си в правилния момент, за да попречите на вражеските действия и да поемете командването на битката.<br>• Различни бойни карти предлагат различни предизвикателства. Гористите бойни полета предлагат стратегическо прикритие със стени с препятствия, а поляните благоприятстват бързите атаки. Прегърнете различни стратегии, които позволяват на различни тактики да процъфтяват.<br>• Овладейте използването на огнехвъргачки, противопехотни мини и други механизми, за да триумфирате срещу враговете си. Умело подредете своите герои, стратегически използвайки изолиращите стени, за да обърнете прилива и да обърнете хода на битката.<br>Събирайте епични герои<br>Персонализирайте формациите си за победа<br>• Присъединете се към нашата отворена бета версия и открийте 46 герои от всичките шест фракции. Станете свидетел на Светлоносците, които носят гордостта на човечеството. Гледайте как Wilders процъфтяват в сърцето на тяхната гора. Наблюдавайте как Maulers оцеляват срещу всички трудности само чрез сила. Легионите на Graveborn се натрупват и вечният сблъсък между Celestials и Hypogeans продължава. — Всички те чакат в Есперия.<br>• Изберете от шестте често използвани RPG класа, за да създадете различни състави и да се адаптирате към различни битки.<br>Придобийте ресурси без усилие <br>Надстройте оборудването си с едно докосване<br>• Кажете сбогом на смилането на ресурси. Събирайте награди без усилие с нашите функции за автоматична битка и AFK. Продължете да събирате ресурси дори докато спите.<br>• Повишете нивото и споделете оборудването между всички герои. След надграждане на вашия екип, новите герои могат незабавно да споделят опит и да се играят веднага. Потопете се в системата за занаяти, където старото оборудване може да бъде директно разглобено за ресурси. Няма нужда от досадно шлайфане. Повишете нивото сега!<br>AFK Journey предоставя всички герои безплатно при пускане. Новите герои след пускане не са включени. Забележка: Сезоните са достъпни само ако вашият сървър е бил отворен поне 35 дни."
}