{
  "images": [
    "https://play-lh.googleusercontent.com/hzCikgOixRE-wtvPKdqbj6rLBhU_pmJirv-PLZ5_dtgfGgIQGc57zpLPTqbNeDbhpzY=w526-h296-rw",
    "https://play-lh.googleusercontent.com/Zeqph2xl8HaHQJ40-qZHI3MfAknOhM0Ns8SdRG3SMbGZJKSudZJ7TFXqY18kmLLpl-w=w526-h296-rw",
    "https://play-lh.googleusercontent.com/x1RvZpEwutb6HCVnR9iFpe5N-5WXPgqZTR1VzFcOjfRckak7abjHMBmIUhYuFTUtfG4=w526-h296-rw",
    "https://play-lh.googleusercontent.com/KG4rLWXYGNFhqJR3A7kuSyiWeyYithJXFn0zOZJTMHl5cLWuFcgqeB9p532YulLjKw=w526-h296-rw",
    "https://play-lh.googleusercontent.com/cXLiNeSYkoGCgsNzPcFcntCNpMYyXw2PnE0v7Hvgi1W4wXTe7FoPs0fjbGYslBBdfis=w526-h296-rw"
  ],
  "title": "Guardian Tales",
  "icon": "https://play-lh.googleusercontent.com/9d6g93Ert844u7D_Bozz4asw20dwsGSXmPEQKbpwp0orBh9HSFL3bQQ3d17RXOVgU2dTBhhU-iIo2qllDBB3=w240-h480-rw",
  "subTitle": "Ролеви/Ролеви екшън игри",
  "desc": "Шедьовър, който разбива ограниченията на мобилните устройства<br>Pixel Adventure RPG Guardian Tales<br>Очакват ви изпълнени с обрати истории, висококачествено пикселно изкуство и безкрайно съдържание!<br>Легендарно пътешествие започва!<br>Изследвайте огромен свят, срещнете се с шампиони и разкрийте съдбата на кралството.<br>Приключения като никога досега - само в Guardian Tales!<br>◆ Ролева игра, пълна с история и изненади!<br>Свят, изпълнен с неочаквани обрати и очарователни герои.<br>Надеждата и отчаянието се сблъскват - каква истина ще разкриете?<br>◆ Над 150 уникални пикселни герои!<br>Уникални бойни стилове, жизнена гласова актьорска игра и очарователни костюми!<br>Призовавайте, събирайте и развивайте своя отбор до победа!<br>◆ Комбинация от пъзел и действие!<br>Повдигайте камъни, хвърляйте бомби и разкривайте скрити съкровища!<br>Избягвайте, атакувайте и прескачайте пътя си през вълнуващ геймплей с ръчно действие!<br>◆ Тонове съдържание за изследване!<br>Изживейте безкрайни предизвикателства, от празни приключения на roguelite до PvP битки в реално време!<br>◆ Мултиплейър битки—съберете екип и победете!<br>Борете се за славата на гилдията си и печелете вълнуващи победи чрез работа в екип!<br>Съдържание на гилдията, Co-op Raids, Team Deathmatch и други ви очакват!<br>◆ Отпуснете се и персонализирайте вашето собствено пространство!<br>Създайте своя плаващ замък, „Heavenhold“, проектирайте своята „Моята стая“ и персонализирайте своята профилна карта! <br>Насладете се на земеделие, животновъдство, риболов и спокойни моменти с любимите си герои!<br>■ Официална общност ■<br>[ГЛОБАЛНО]<br>Присъединете се към нашите официални страници на Guardian Tales!<br>Фейсбук: https://www.facebook.com/guardiantales  <br>Twitter: https://twitter.com/GuardianTalesEN   <br>Discord: https://discord.gg/x96nDgK  <br>Instagram: https://www.instagram.com/guardiantales_official<br>YouTube: https://www.youtube.com/@GuardianTalesEN <br>Twitch: https://www.twitch.tv/playkakaogames <br>Уебсайт: https://www.guardiantales.com<br>[АЗИЯ]<br>https://www.facebook.com/GuardianTalesAsia  <br>■ Помощ и поддръжка ■<br>Имате ли проблеми?<br>ГЛОБАЛНО: Посетете https://kg.games/HelpGT или се свържете с нас в играта, като отидете на Настройки > Настройки на акаунт > Запитване.<br>АЗИЯ: Изпратете имейл до gtasia.help@kakaocorp.com или се свържете с нас в играта, като отидете на Настройки > Настройки на акаунт > Запитване.<br>Декларация за поверителност: https://web-data-cdn.kakaogames.com/real/www/html/terms/index.html?service=S0001&type=T003  <br>Условия за ползване: https://web-data-cdn.kakaogames.com/real/www/html/terms/index.html?service=S0001&type=T001  <br>■Вашето устройство ще се нуждае от поне 3 GB налично място за съхранение, за да инсталира играта.<br>------------------------------------------------<br>■ Минимални спецификации ■<br>- iOS 11 или по-нова версия<br>- iPhone 6S или по-нова версия<br>- iPad Mini 4 или по-нова версия<br>- Рам: 2GB<br>- Налично съхранение: 3 GB<br>------------------------------------------------"
}