{
  "images": [
    "https://play-lh.googleusercontent.com/QV1EETVisA5koTZOAgJRti487ivNrg7UTbnTdpCJeKqEuBkmEaiC5mSusYok9wQEHF2N6H5UM9yObJXvpGxehw=w526-h296-rw",
    "https://play-lh.googleusercontent.com/0sJNg5g_hQ5VTYD0qhxZkO8W7ATXvwaV7hF_JBKyQ2g0jbQjdPvHuuvhrOODux6dZFFk0ev9C_3oAyd8GlmOFA=w526-h296-rw",
    "https://play-lh.googleusercontent.com/t4uJztbnYRpbGkB8Hl8i2yYs_swl0gnMODlNjLbT9seXvIIDDD9uCppY_bkfGzVIxrah3GrFWPODa4VyXcJtcck=w526-h296-rw",
    "https://play-lh.googleusercontent.com/8ufU70xchME2cx9qkaSfie7TaoXxnImQ2GJm4dgoADSrLH3dGlGTgVPAbhb3EFS37HuUizg7DDuQrcqTfh2j-A=w526-h296-rw",
    "https://play-lh.googleusercontent.com/8RAcygezmQxmF_KzqRFOScvStP55jI71676uX6Z-IGRc4Bmroj7wMLGFwEbiO9N7e2NkrIVk7_eI1fjDXdiTiA=w526-h296-rw"
  ],
  "title": "Identity V",
  "icon": "https://play-lh.googleusercontent.com/8-SniYIRaeki791FyNlRggRuIjlxBpYM9k6F7q1UL75FW7IEUSWridDbrXmX5DkTokRq=w240-h480-rw",
  "subTitle": "Стратегически/Асиметрична арена за битки",
  "desc": "Идентичност V: 1 срещу 4 Асиметрична мобилна игра на ужасите<br>Страхът винаги извира от неизвестното. <br>Въведение в играта:<br>Присъединете се към вълнуващото парти! Добре дошли в Identity V, първата асиметрична мобилна игра на ужасите, разработена от NetEase. С готически стил на изкуството, мистериозни сюжетни линии и вълнуващ геймплей 1vs4, Identity V ще ви донесе спиращо дъха изживяване.<br>Ключови характеристики: <br>Интензивни 1vs4 асиметрични битки: <br>Четирима оцелели: бягайте от безмилостния ловец, сътрудничете си със съотборници, декодирайте машини за шифроване, отворете портата и избягайте;<br>Един ловец: запознайте се с всичките си способности за убиване. Бъдете готови да хванете и измъчвате плячката си. <br>Готически визуален стил:<br>Пътувайте обратно във Викторианската епоха и опитайте нейния уникален стил. <br>Завладяващи фонови настройки:<br>Първо ще влезете в играта като детектив, който получава мистериозно писмо, което го кани да разследва изоставено имение и да търси изчезнало момиче. И докато се приближавате все повече и повече до истината, откривате нещо ужасяващо...<br>Рандомизирани корекции на картата:<br>Във всяка нова игра картата ще бъде съответно променена. Никога няма да знаете какво да очаквате.<br>Изберете и играйте различни герои:<br>Множество герои, от които да избирате, персонализирани герои, които да отговарят на вашата лична стратегия и постигнете крайната победа!<br>Готови ли сте за това?<br>Повече информация:<br>Уебсайт: https://www.identityvgame.com/<br>Фейсбук: www.facebook.com/IdentityV<br>Facebook група: www.facebook.com/groups/identityVofficial/<br>Twitter: www.twitter.com/GameIdentityV<br>YouTube: www.youtube.com/c/IdentityV<br>Discord: https://discord.gg/FThHuCa4bn"
}