{
  "images": [
    "https://play-lh.googleusercontent.com/9v2PfECSLMY7_FEUHG2US3unDGCl2b2_th-7tkQnnK0yFDDo43VVBevGy5mgZ6lrTa5s=w526-h296-rw",
    "https://play-lh.googleusercontent.com/ohF1ht6lXKY4ybjXlMrt2IjCdKBpgl1NUA6ftvNemA2iGxT0SP8HEZDseeYC5Q420Q=w526-h296-rw",
    "https://play-lh.googleusercontent.com/8Dnnwo9o932gZBRxVQOSPvG_k4qy1V6uhrDvT_w2krStdxXzKhumCV17J5jjCY1ApU4=w526-h296-rw",
    "https://play-lh.googleusercontent.com/-NL3eTKtTNbtRUzihyuyDvNUFbe9dbQpnIYvKdZvI9_L8F6zSl5xxaUBl_fqzn3j2g=w526-h296-rw",
    "https://play-lh.googleusercontent.com/YKtyqHghG0OFgSLAWuHkEegWFv-fLb3mnWN6TESS3Iy2u99BzwkIIavKDwz79Mhuid4=w526-h296-rw"
  ],
  "title": "Arknights",
  "icon": "https://play-lh.googleusercontent.com/D4DUUFQDCsH9NIEa8hjMjQSWdtNhGX1Fd_jT-23ogAb5uMMqttqQDUJcUt4K_u8RYOQ=w240-h480-rw",
  "subTitle": "Стратегически/Отбрана на кули",
  "desc": "Вземете ролята на ключов член на Rhodes Island, фармацевтична компания, която се бори както със смъртоносна инфекция, така и с вълненията, които тя оставя след себе си. Заедно с вашия лидер Амия ще набирате Оператори, ще ги обучавате, след което ще ги назначавате за различни операции за защита на невинните и за съпротива срещу онези, които биха хвърлили света в смут.<br>Вашата тактика ще определи бъдещето на остров Родос. Бийте се за зората!<br>・Прекрасна игра в аниме стил с перфектна комбинация от RPG и стратегически елементи<br>・Стотици уникални оператори в различни класове отварят безброй възможности за игра<br>・Системата за автоматично разгръщане ви позволява удобно да освободите ръцете си<br>・Издълбайте дом, точно както искате, със системата за изграждане Base<br>・Силен саундтрак и някои от най-известните японски гласови актьори и актриси ще ви осигурят страхотно слухово изживяване.<br>Разрешение: WRITE_EXTERNAL_STORAGE и READ_EXTERNAL_STORAGE.<br>Това позволява на потребителя да изтегли пакет с актуални корекции незабавно, когато е наличен. Това не компрометира поверителността на потребителя.<br>Минимална конфигурация за устройства с Android: 2G RAM, 2G свободно място за съхранение.<br>Официална страница на Arknights:<br>https://www.arknights.global/<br>Официален сървър на Discord:<br>https://discord.gg/arknights<br>Официален X акаунт:<br>https://x.com/ArknightsEN<br>Официална фейсбук страница:<br>https://www.facebook.com/ArknightsGlobal/<br>Официален Instagram:<br>https://www.instagram.com/arknights_messenger_official/"
}