{
  "images": [
    "https://play-lh.googleusercontent.com/Eqr0hlidfkihgoeiU6fypQCNsS9jARV9Ir9moiCcPOtF1CSuYBN9c2Rpc4k21YDherep70n2c7N5U-BbjCN3kw=w526-h296-rw",
    "https://play-lh.googleusercontent.com/iqdWPMIeW5AG6LoWhrfoG2pOqG9Qh7UMpxUELO1vBYfYOdbOloCg7_3aGT2VBGILz5f1_rD3yJgerEA4YV0ifhc=w526-h296-rw",
    "https://play-lh.googleusercontent.com/ryeaN-6PsijYw0cgbeyT3b9wlUlKI9LKXVHqzBm7_YPVIx7-rUHO5GGqp_2GT46x2PtrhGwb-O3_NGV_uJzS=w526-h296-rw",
    "https://play-lh.googleusercontent.com/aACf6d_Zgmtnci5-iEEvmF21NSFUyFVgKfc6V8M8P91Qg5ibJgHXCuhJftAHlJ014XO3Nn_Z86TgEG-0AzhR7w=w526-h296-rw",
    "https://play-lh.googleusercontent.com/lP4s2gE2zhN3M8peQBsKQpz_IMbdpZb1B9gWRw9IYRKK4NGkMURVkY9QBDypCPHyYvHSapi0WdrpR8fPtf7X=w526-h296-rw"
  ],
  "title": "eFootball™",
  "icon": "https://play-lh.googleusercontent.com/o-iscF0u9uAm9jaems25nNUw3cIgxrzIELVTy-DPKb3CxN0_HLBcaWoeetZca_BBOp_u_NXeyQKz0nJkXiFMkA=w240-h480-rw",
  "subTitle": "Спорт/Футбол",
  "desc": "■ \"eFootball™\" - Еволюция от \"PES\"<br>Това е изцяло нова ера на дигиталния футбол: \"PES\" вече еволюира в \"eFootball™\"! И сега можете да изпитате следващото поколение футболни игри с \"eFootball™\"!<br>■ Приветстване на новодошлите<br>След като изтеглите, можете да научите основните контроли на играта чрез урок стъпка по стъпка, който включва практически демонстрации! Завършете ги всички и получете Лионел Меси!<br>Добавихме и настройката Smart Assist, за да помогнем на потребителите да се насладят на забавлението и вълнението от играта на мачове.<br>Без да въвеждате сложни команди, преминете покрай противниковата защита с брилянтен дрибъл или пас, след което вкарайте гол със силен удар.<br>[Начини на игра]<br>■Започнете с любимия си отбор<br>Независимо дали е клубен или национален отбор от Европа, Северна и Южна Америка, Азия или другаде по света, започнете нова игра с отбора, който подкрепяте!<br>■ Подпишете играчи<br>След като създадете своя екип, е време да получите някои подписвания! От настоящи суперзвезди до футболни легенди, подписвайте играчи и изведете отбора си до нови висоти!<br>■ Игра на мачове<br>След като сте изградили отбор с любимите си играчи, е време да ги изведете на терена.<br>От тестване на уменията ви срещу AI до състезание за класиране в онлайн мачове, насладете се на eFootball™ по начина, по който искате!<br>■ Развитие на играча<br>В зависимост от типовете играчи, подписалите играчи могат да бъдат допълнително развити.<br>Повишете нивото на играчите, като ги поставите в мачове или използвате елементи в играта, след което изразходвайте придобитите точки за напредък, за да увеличите статистиката на играча.<br>В случай, че предпочитате да персонализирате играч, за да отговаря на вашите лични предпочитания, имате опцията да разпределите точките за напредък ръчно.<br>Когато се съмнявате как да развиете играча, можете да използвате функцията [Препоръчително], за да разпределите автоматично неговите точки.<br>Развивайте своите играчи по ваш вкус!<br>[За повече забавление]<br>■ Седмични актуализации на живо<br>Актуализацията на живо е функцията, която отразява трансферите на играчи и постиженията на мачове от футбола в реалния живот.<br>Обърнете внимание на актуализациите на живо, публикувани всяка седмица, коригирайте отбора си и оставете своя отпечатък на терена.<br>■ Персонализиране на стадион<br>Изберете любимите си елементи на стадиона, като Tifos и Giant Props, и ги гледайте как се появяват на вашия стадион по време на мачовете, които играете.<br>Добавете цвят към играта, като подредите своя стадион, както искате!<br>*Потребителите, които живеят в Белгия, няма да имат достъп до кутии за плячка, които изискват монети eFootball™ като плащане.<br>[За последните новини]<br>Постоянно ще се внедряват нови функции, режими, събития и подобрения в играта.<br>За повече информация вижте официалния уебсайт на eFootball™.<br>[Изтегляне на играта]<br>За изтегляне и инсталиране на eFootball™ са необходими приблизително 2,7 GB безплатно място за съхранение.<br>Моля, уверете се, че имате достатъчно свободно място, преди да започнете изтеглянето.<br>Също така ви препоръчваме да използвате Wi-Fi връзка, за да изтеглите основната игра и всички нейни актуализации.<br>[Онлайн свързаност]<br>Необходима е интернет връзка, за да играете eFootball™. Също така силно препоръчваме да играете със стабилна връзка, за да сте сигурни, че ще извлечете максимума от играта."
}