{
  "images": [
    "https://play-lh.googleusercontent.com/rah5QBslovPU5LOyUKDXlb9QutIE9p5KEDM3ich533GzEGadLPGiSeYIEcE40Gj91D0=w526-h296-rw",
    "https://play-lh.googleusercontent.com/O-4dj3C_L_rxpwIJYQMD7Xs6rW8ICdZ20Y92Gud_LlbuWKQYWwd8T9pxDXkivGbMTvI=w526-h296-rw",
    "https://play-lh.googleusercontent.com/sQQx0pILiWN53MywEYCwe7gqzxFKZtnyQ-IujSB7nVIRiqL3q7fho8ta-5OOxe3Y53Ax=w526-h296-rw",
    "https://play-lh.googleusercontent.com/bZZJB1R7iekxKWvUFnUWlGN5976eKwLxzzk3wfNi_bTFw_A4NxwVAutZ7C6ngZoOuxMB=w526-h296-rw",
    "https://play-lh.googleusercontent.com/awe55xE1KILNevBZA2pnPa9B_dZvbGr00PhMIjHjWOpWsMR_FC5KoyPalS7cc7GEfpw=w526-h296-rw"
  ],
  "title": "Pokémon TCG Pocket",
  "icon": "https://play-lh.googleusercontent.com/CMYCz0j2Dowf_VUybvX00u5TGGkAJp2pGMrYxJcp85L91kou9fGICYcWnb8Pyr1xcQ=w240-h480-rw",
  "subTitle": "С карти/Отборни битки с карти/Казуални",
  "desc": "Картите Pokémon, с които се играят хора в 89 държави, сега са по-близо до вас от всякога!<br> <br>Наслаждавайте се на Pokémon карти по всяко време и навсякъде на вашето мобилно устройство!<br>■ Можете да отваряте пакети всеки ден, за да получите карти!<br>Събирайте карти всеки ден! Можете да отваряте два бустер пакета всеки ден безплатно, за да събирате Pokémon карти, включващи стоплящи сърцето илюстрации от миналото, както и изцяло нови карти, ексклузивни за тази игра.<br> <br>■ Нови Pokémon карти!<br>Имерсивните карти, съвсем нов вид карти, правят своя дебют тук! С нови илюстрации, които имат 3D усещане, завладяващите карти ще ви накарат да се почувствате сякаш сте скочили в света на илюстрацията на картата!<br>■ Разменяйте карти с приятели!<br> Можете да търгувате определени карти с приятели.<br> Използвайте търговската функция, за да съберете още повече карти!<br> <br>■ Покажете колекцията си!<br>Можете да използвате класьори или табла за показване, за да покажете вашите карти и да ги споделите със света!<br> <br>■ Случайни битки - сам или с приятели!<br>Можете да се насладите на непринудени битки по време на кратки почивки през деня!<br>Класираните мачове вече са достъпни за играчи, които биха искали да се бият още повече.<br>Условия за ползване: https://www.apppokemon.com/tcgp/kiyaku/kiyaku001/rule/"
}