{
  "icon": "https://cloudmoon.tos-ap-southeast-1.volces.com/icon_Firewatch.png",
  "title": "Firewatch",
  "subTitle": "Adventure / Atmospheric",
  "desc": "Firewatch е мистерия от първо лице за един играч, разположена в дивата природа на Уайоминг.<br><br>Годината е 1989. Вие сте мъж на име Хенри, който се е оттеглил от разхвърляния си живот, за да работи като пожарен наблюдател в дивата природа на Уайоминг. Разположен високо на върха на планина, вашата работа е да търсите дим и да пазите дивата природа в безопасност. Особено горещо и сухо лято е направило всички напрегнати. Вашият надзирател Делила е на разположение по всяко време чрез малко преносимо радио - единственият ви контакт със света, който сте оставили зад гърба си. Но когато нещо странно ви привлича извън вашата наблюдателна кула и в гората, вие ще изследвате дива, непозната среда, изправяйки се пред въпроси и правейки избори, които могат да изградят или разрушат единствената значима връзка, която имате.",
  "images": [
    "https://cloudmoon.tos-ap-southeast-1.volces.com/banner_pc_Firewatch-1.jpg",
    "https://cloudmoon.tos-ap-southeast-1.volces.com/banner_pc_Firewatch-2.jpg",
    "https://cloudmoon.tos-ap-southeast-1.volces.com/banner_pc_Firewatch-3.jpg"
  ]
}