{
  "icon": "https://cloudmoon.tos-ap-southeast-1.volces.com/icon_Valiant_Hearts_Coming_Home.jpg",
  "title": "Valiant Hearts: Coming Home",
  "subTitle": "Adventure / Platformer",
  "desc": "В Valiant Hearts: Coming Home играйте като четирима герои чрез изследване, действие и пъзели.<br><br>С Джеймс, брат на смелия Фреди, изживейте отново историята на известните Harlem Hellfighters. Следвайте Джордж, мистериозен пилот, който помага на силите на Съюзниците благодарение на летателните си умения и интелигентност. Поставете се в обувките на Ернст, немски водолаз, трагично въвлечен в големия конфликт. И накрая, съберете се отново с Анна, докато тя се бори в мисията си да спаси възможно най-много животи.",
  "images": [
    "https://cloudmoon.tos-ap-southeast-1.volces.com/banner_pc_Valiant_Hearts_Coming_Home-1.jpg",
    "https://cloudmoon.tos-ap-southeast-1.volces.com/banner_pc_Valiant_Hearts_Coming_Home-2.jpg",
    "https://cloudmoon.tos-ap-southeast-1.volces.com/banner_pc_Valiant_Hearts_Coming_Home-3.jpg"
  ]
}