{
  "icon": "https://cloudmoon.tos-ap-southeast-1.volces.com/icon_Apex_Heroines.png",
  "title": "Apex Heroines",
  "subTitle": "Action / RPG",
  "desc": "Apex Heroines е лека 3D научнофантастична екшън игра, която се фокусира върху бързи и вълнуващи битки, с множество роли за избор, красиви модни дрехи и разнообразие от стилове, които да създадете по ваше желание, така че не само изглежда добре, но и се играе по-добре!",
  "images": [
    "https://cloudmoon.tos-ap-southeast-1.volces.com/banner_pc_Apex_Heroines-1.jpg",
    "https://cloudmoon.tos-ap-southeast-1.volces.com/banner_pc_Apex_Heroines-2.jpg",
    "https://cloudmoon.tos-ap-southeast-1.volces.com/banner_pc_Apex_Heroines-3.jpg"
  ]
}