{
  "icon": "https://cloudmoon.tos-ap-southeast-1.volces.com/icon_GRIS.png",
  "title": "GRIS",
  "subTitle": "Beautiful / Atmospheric",
  "desc": "Грис е младо момиче, изпълнено с надежда, изгубено в собствения си свят, което се справя с болезнено преживяване в живота си. Нейното пътуване през скръбта се проявява в нейната рокля, която й дава нови способности за по-добра навигация в нейната избледняваща реалност. С развитието на историята Грис ще расте емоционално и ще вижда света си по различен начин, разкривайки нови пътища за изследване с помощта на новите си способности.<br><br>GRIS е спокойно и емоционално преживяване, без опасност, разочарование или смърт. Играчите ще изследват щателно проектиран свят, оживен с деликатно изкуство, подробни анимации и елегантен оригинален саундтрак. По време на играта, леки пъзели, платформър секвенции и незадължителни предизвикателства за умения ще се разкриват, тъй като все повече части от света на Грис стават достъпни.<br><br>GRIS е преживяване с почти никакъв текст, само прости напомняния за управление, илюстрирани чрез универсални икони. Играта може да бъде харесана от всеки, независимо от техния говорим език.",
  "images": [
    "https://cloudmoon.tos-ap-southeast-1.volces.com/banner_pc_GRIS-1.jpg",
    "https://cloudmoon.tos-ap-southeast-1.volces.com/banner_pc_GRIS-2.jpg",
    "https://cloudmoon.tos-ap-southeast-1.volces.com/banner_pc_GRIS-3.jpg"
  ]
}