{
  "icon": "https://cloudmoon.tos-ap-southeast-1.volces.com/icon_Outer_Wilds.png",
  "title": "Outer Wilds",
  "subTitle": "Exploration / Space",
  "desc": "Победител в наградата „Най-добра игра“ на BAFTA Games Awards 2020 и номиниран за „Игра на годината 2019“ от Giant Bomb, Polygon, Eurogamer и The Guardian, Outer Wilds е критично акламирана, награждавана мистерия с отворен свят за слънчева система, хваната в безкрайна времева примка.<br><br>Добре дошли в космическата програма!<br>Вие сте най-новият новобранец на Outer Wilds Ventures, зараждаща се космическа програма, търсеща отговори в странна, постоянно развиваща се слънчева система.<br><br>Мистерии на Слънчевата система...<br>Какво се крие в сърцето на зловещия Dark Bramble? Кой е построил извънземните руини на Луната? Може ли безкрайната времева примка да бъде спряна? Отговорите ви очакват в най-опасните райони на космоса.",
  "images": [
    "https://cloudmoon.tos-ap-southeast-1.volces.com/banner_pc_Outer_Wilds-1.jpg",
    "https://cloudmoon.tos-ap-southeast-1.volces.com/banner_pc_Outer_Wilds-2.jpg",
    "https://cloudmoon.tos-ap-southeast-1.volces.com/banner_pc_Outer_Wilds-3.jpg"
  ]
}