{
  "icon": "https://cloudmoon.tos-ap-southeast-1.volces.com/icon_Baba_Is_You.png",
  "title": "Baba Is You",
  "subTitle": "Puzzle / Indie",
  "desc": "Baba Is You е награждавана пъзел игра, в която можете да променяте правилата, с които играете. Във всяко ниво самите правила присъстват като блокове, с които можете да взаимодействате; манипулирайки ги, можете да промените как работи нивото и да предизвикате изненадващи и неочаквани взаимодействия! С просто бутане на блокове можете да се превърнете в скала, да превърнете тревните участъци в опасно горещи препятствия и дори да промените целта, която трябва да постигнете, в нещо съвсем различно.<br><br>Играта съдържа над 200 нива, които експериментират с механиките на играта по множество начини, изисквайки от играча да разбере и манипулира правилата на играта и да намери коварни начини да накара обектите в света на играта да си взаимодействат.",
  "images": [
    "https://cloudmoon.tos-ap-southeast-1.volces.com/banner_pc_Baba_Is_You-1.jpg",
    "https://cloudmoon.tos-ap-southeast-1.volces.com/banner_pc_Baba_Is_You-2.jpg",
    "https://cloudmoon.tos-ap-southeast-1.volces.com/banner_pc_Baba_Is_You-3.jpg"
  ]
}