{
  "icon": "https://cloudmoon.tos-ap-southeast-1.volces.com/icon_13_Sentinels_Aegis_Rim.png",
  "title": "13 Sentinels: Aegis Rim",
  "subTitle": "Text Adventure / Combat Simulation",
  "desc": "Vanillaware, разказвачите на истории зад Odin Sphere и Dragon’s Crown, създават епична научнофантастична мистерия, обхващаща тринадесет преплетени истории. Разкрийте истината и се потопете в 2D приключение със странично превъртане с великолепно изкуство и среди. След това се бийте с кайджу в забързан, отгоре надолу бой. Персонализирайте Сентинелите с арсенал от оръжия за механични костюми и се борете за защита на човечеството!",
  "images": [
    "https://cloudmoon.tos-ap-southeast-1.volces.com/banner_pc_13_Sentinels-1.png",
    "https://cloudmoon.tos-ap-southeast-1.volces.com/banner_pc_13_Sentinels-2.png",
    "https://cloudmoon.tos-ap-southeast-1.volces.com/banner_pc_13_Sentinels-3.png"
  ]
}