{
  "icon": "https://cloudmoon.tos-ap-southeast-1.volces.com/icon_Dont_Starve_Together.png",
  "title": "Don't Starve Together",
  "subTitle": "Survival / Open World",
  "desc": "Бийте се, отглеждайте, стройте и изследвайте в разширението на безкомпромисната игра за оцеляване в дивата природа, Don't Starve.<br><br>Влезте в странен и неизследван свят, пълен със странни същества, скрити опасности и древни тайни. Събирайте ресурси, за да изработвате предмети и да изграждате структури, които отговарят на вашия стил на оцеляване. Играйте по свой собствен начин, докато разкривате мистериите на „„The Constant““.<br><br>Направете всичко необходимо, но най-важното, не гладувайте заедно.",
  "images": [
    "https://cloudmoon.tos-ap-southeast-1.volces.com/banner_pc_Dont_Starve_Together-1.jpg",
    "https://cloudmoon.tos-ap-southeast-1.volces.com/banner_pc_Dont_Starve_Together-2.jpg",
    "https://cloudmoon.tos-ap-southeast-1.volces.com/banner_pc_Dont_Starve_Together-3.jpg"
  ]
}