{
  "icon": "https://cloudmoon.tos-ap-southeast-1.volces.com/icon_Resident_Evil_4.png",
  "title": "Resident Evil 4",
  "subTitle": "Horror / Action",
  "desc": "Оцеляването е само началото.<br><br>Изминаха шест години от биологичното бедствие в Raccoon City.<br>Агент Леон С. Кенеди, един от оцелелите от инцидента, е изпратен да спаси отвлечената дъщеря на президента.<br>Той я проследява до отдалечено европейско село, където нещо е ужасно нередно с местните.<br>И завесата се вдига над тази история за дръзко спасяване и изтощителен ужас, в която се преплитат животът и смъртта, терорът и катарзисът.<br><br>С модернизиран геймплей, преосмислен сюжет и ярко детайлна графика,<br>Resident Evil 4 бележи прераждането на индустриален гигант.<br><br>Изживейте отново кошмара, който революционизира ужаса на оцеляването.",
  "images": [
    "https://cloudmoon.tos-ap-southeast-1.volces.com/banner_pc_Resident_Evil_4-1.jpg",
    "https://cloudmoon.tos-ap-southeast-1.volces.com/banner_pc_Resident_Evil_4-2.jpg",
    "https://cloudmoon.tos-ap-southeast-1.volces.com/banner_pc_Resident_Evil_4-3.jpg"
  ]
}