{
  "icon": "https://cloudmoon-1305370474.cos.ap-singapore.myqcloud.com/cloudgame-icon/icon_Pokemon_Shield.jpg",
  "title": "Pokémon Shield",
  "subTitle": "Role playing / Simulation",
  "desc": "Започнете своето приключение като треньор на покемони, като изберете един от три нови партньорски покемона: Grookey, Scorbunny или Sobble. След това се впуснете в пътуване в новия регион Galar, където ще предизвикате пакостниците от Team Yell, докато разкривате мистерията зад легендарните покемони Zacian и Zamazenta! Изследвайте дивата област, огромно пространство от земя, където играчът може свободно да контролира камерата. Присъединете се към до трима други играчи локално или онлайн в новите кооперативни мултиплейър битки Max Raid*, където играчите ще се изправят срещу гигантски и супер силни покемони, известни като Dynamax Pokémon.<br><br>Някои покемони дори могат да се превърнат в Gigantamax, за да придобият нов външен вид и мощен набор от G-Max движения. Но има повече в това да си шампион, отколкото да усъвършенстваш бойните си умения: можеш да избереш собствени дрехи и да си направиш нова прическа, докато посещаваш магазините в града, за да можеш да бъдеш треньорът, който искаш да бъдеш. По време на пътуването си ще срещнете новооткрити покемони, както и познати, които ще изглеждат малко по-различно в новите си форми Galar! За друг начин да повишите нивото на покемоните си, задайте им Poké Jobs за изпълнение, а за забавление можете също да играете с покемоните си в Pokémon Camp!",
  "images": [
    "https://cloudmoon.tos-ap-southeast-1.volces.com/banner_pc_Pokémon_Shield-1.jpg",
    "https://cloudmoon.tos-ap-southeast-1.volces.com/banner_pc_Pokémon_Shield-2.jpg",
    "https://cloudmoon.tos-ap-southeast-1.volces.com/banner_pc_Pokémon_Shield-3.jpg"
  ]
}