{
  "icon": "https://cloudmoon.tos-ap-southeast-1.volces.com/icon_Balatro.png",
  "title": "Balatro",
  "subTitle": "Card Game / Roguelike Deckbuilder",
  "desc": "Balatro е roguelike игра за изграждане на колода, вдъхновена от покера, фокусирана върху създаването на мощни синергии и печеленето на големи суми.<br><br>Комбинирайте валидни покер ръце с уникални карти Жокер, за да създадете синергии и различни комбинации. Спечелете достатъчно чипове, за да победите коварните блайндове, докато разкривате скрити бонус ръце и колоди, докато напредвате. Ще ви трябва всяко предимство, което можете да получите, за да стигнете до блайнда на боса, да победите последния залог и да си осигурите победа.",
  "images": [
    "https://cloudmoon.tos-ap-southeast-1.volces.com/banner_pc_Balatro-1.jpg",
    "https://cloudmoon.tos-ap-southeast-1.volces.com/banner_pc_Balatro-2.jpg",
    "https://cloudmoon.tos-ap-southeast-1.volces.com/banner_pc_Balatro-3.jpg"
  ]
}