{
  "icon": "https://cloudmoon.tos-ap-southeast-1.volces.com/JoJos_Bizarre_Adventure_All_Star_Battle_R.png",
  "title": "JoJo's Bizarre Adventure: All-Star Battle R",
  "subTitle": "Anime / Action",
  "desc": "Известна със своите харизматични герои, поразителен художествен стил и незабравими фрази („Yare yare daze…“), още една част от JoJo’s Bizarre Adventure идва с нов удар! JoJo's Bizarre Adventure: All-Star Battle R!<br><br>• Зашеметяващи визуални ефекти, верни на стила на Хирохико Араки<br><br>• 50 игрални герои от всички саги на JoJo<br><br>• Разнообразие от режими на игра",
  "images": [
    "https://cloudmoon.tos-ap-southeast-1.volces.com/banner_pc_JoJos_Bizarre_Adventure_BattleR-1.jpg",
    "https://cloudmoon.tos-ap-southeast-1.volces.com/banner_pc_JoJos_Bizarre_Adventure_BattleR-2.jpg",
    "https://cloudmoon.tos-ap-southeast-1.volces.com/banner_pc_JoJos_Bizarre_Adventure_BattleR-3.jpg"
  ]
}