{
  "icon": "https://cloudmoon.tos-ap-southeast-1.volces.com/icon_Minecraft.png",
  "title": "Minecraft",
  "subTitle": "Simulation / Sandbox",
  "desc": "Потопете се в отворен свят на строене, изработване и оцеляване в най-добрия sandbox строител. Събирайте ресурси, оцелейте през нощта и изградете всичко, което можете да си представите, блок по блок. Изследвайте и изградете своя път през напълно отворен свят, изградете град от блокове, стартирайте ферма, копайте дълбоко в земята, изправете се срещу мистериозни врагове или просто експериментирайте с границите на въображението си!<br><br>Възможностите са безкрайни. Създавайте и започнете да строите от нулата. Изграждайте и се разширявайте в творчески режим, където можете да създавате от неограничени ресурси. Оцелейте през нощта, участвайте в интензивни битки, създавайте инструменти и отблъсквайте опасността в режим на оцеляване. Можете да се впуснете сами и да откриете безкраен, произволно генериран свят, пълен с блокове за копаене, биоми за изследване и мобове, с които да се сприятелявате (или да се биете)!<br><br>В Minecraft светът е ваш, за да го оформите!",
  "images": [
    "https://cloudmoon.tos-ap-southeast-1.volces.com/banner_pc_Minecraft-1.jpg",
    "https://cloudmoon.tos-ap-southeast-1.volces.com/banner_pc_Minecraft-2.jpg",
    "https://cloudmoon.tos-ap-southeast-1.volces.com/banner_pc_Minecraft-3.jpg"
  ]
}