{
  "icon": "https://cloudmoon.tos-ap-southeast-1.volces.com/icon_Undertale.png",
  "title": "Undertale",
  "subTitle": "Great Soundtrack / Story Rich",
  "desc": "Добре дошли в UNDERTALE. В тази RPG вие контролирате човек, който пада под земята в света на чудовищата. Сега трябва да намерите изхода... или да останете в капан завинаги.",
  "images": [
    "https://cloudmoon.tos-ap-southeast-1.volces.com/banner_pc_Undertale-1.jpg",
    "https://cloudmoon.tos-ap-southeast-1.volces.com/banner_pc_Undertale-2.jpg",
    "https://cloudmoon.tos-ap-southeast-1.volces.com/banner_pc_Undertale-3.jpg"
  ]
}