{
  "icon": "https://cloudmoon-1305370474.cos.ap-singapore.myqcloud.com/cloudgame-icon/icon_Terraria.png",
  "title": "Terraria",
  "subTitle": "Sandbox / Survival",
  "desc": "Копайте, бийте се, изследвайте, строете! Нищо не е невъзможно в тази екшън приключенска игра. Светът е вашето платно, а самата земя е боята ви.\nГрабнете инструментите си и започвайте! Накарайте вашето снаражение да се преборва с различни врагове в многобройни биоми. Копайте дълбоко под земята, за да намерите принадлежности, пари и други полезни неща. Събирайте средства, за да изобретите всичко, от което се нуждаете за да направите света свой собствен. Постройте къща, крепост или дори замък. Хора ще се местят да живеят там и може би дори ще ви продават различни изделия, за да Ви подпомогнат по време на пътуването ви.\nНо внимавайте, има дори повече предизвикателства, които Ви очакват… Готови ли сте за задачата?",
  "images": [
    "https://cloudmoon-1305370474.cos.ap-singapore.myqcloud.com/cloudgame-icon/banner_pc_Terraria-1.jpg",
    "https://cloudmoon-1305370474.cos.ap-singapore.myqcloud.com/cloudgame-icon/banner_pc_Terraria-2.jpg",
    "https://cloudmoon-1305370474.cos.ap-singapore.myqcloud.com/cloudgame-icon/banner_pc_Terraria-3.jpg"
  ]
}