{
  "icon": "https://cloudmoon.tos-ap-southeast-1.volces.com/icon_Valiant_Hearts_The_Great_War.png",
  "title": "Valiant Hearts: The Great War",
  "subTitle": "Atmospheric / historical",
  "desc": "Това е история за пресечени съдби и разбита любов в разкъсван свят.<br>Всички ще се опитат да оцелеят от ужаса на окопите, следвайки своя верен спътник куче.<br>В Valiant Hearts животът на всички тези герои е неразривно преплетен през цялата игра. Приятелство, любов, жертвоготовност и трагедия се стоварват върху всеки един от тях, докато си помагат взаимно да запазят човечността си пред ужасите на войната.",
  "images": [
    "https://cloudmoon.tos-ap-southeast-1.volces.com/banner_pc_Valiant_Hearts-1.jpg",
    "https://cloudmoon.tos-ap-southeast-1.volces.com/banner_pc_Valiant_Hearts-2.jpg",
    "https://cloudmoon.tos-ap-southeast-1.volces.com/banner_pc_Valiant_Hearts-3.jpg"
  ]
}