{
  "icon": "https://cloudmoon.tos-ap-southeast-1.volces.com/icon_Human_Fall_Flat.png",
  "title": "Human: Fall Flat",
  "subTitle": "Adventure / Funny",
  "desc": "Human Fall Flat е весела и безгрижна физична платформър игра, разположена в свят на плаващи, мечтани пейзажи.<br><br>Всяко мечтано ниво предлага нова среда за навигиране, от пищни имения, замъци и ацтекски приключения до заснежени планини, зловещи нощни пейзажи и индустриални локации. Множеството пътеки през всяко ниво и перфектно игривите пъзели гарантират, че изследването и изобретателността ще бъдат възнаградени.<br><br>Нуждаете се от помощ, за да поставите този камък на катапулт, или имате нужда от някой, който да разруши тази стена?<br><br>Вашият човек е ваш, за да го персонализирате. С тоалети, вариращи от строител до готвач, парашутист, миньор, астронавт и нинджа. Изберете главата, горната и долната част на тялото си и бъдете креативни с цветовете!",
  "images": [
    "https://cloudmoon.tos-ap-southeast-1.volces.com/banner_pc_Human_Fall_Flat-1.jpg",
    "https://cloudmoon.tos-ap-southeast-1.volces.com/banner_pc_Human_Fall_Flat-2.jpg",
    "https://cloudmoon.tos-ap-southeast-1.volces.com/banner_pc_Human_Fall_Flat-3.jpg"
  ]
}