{
  "icon": "https://cloudmoon.tos-ap-southeast-1.volces.com/icon_Naruto_storm4.png",
  "title": "NARUTO STORM 4",
  "subTitle": "Action / Adventure",
  "desc": "В изцяло ново Скрито село на листата, насладете се на приключенията на Боруто, сина на Наруто!<br>Докато правите всичко възможно, за да преминете изпита чунин, нова заплаха надвисва над света на шиноби.<br>Ще бъдете ли достатъчно силни, за да я победите?<br><br>ИЗЖИВЕЙТЕ историята на BORUTO: NARUTO THE MOVIE!<br>ОТКРИЙТЕ нови игрални герои, включително Боруто, Сарада и Мицуки<br>ТРЕНИРАЙТЕ, за да овладеете новите тайни джуцу комбинации<br><br>НОВОТО ПОКОЛЕНИЕ ИДВА!",
  "images": [
    "https://cloudmoon.tos-ap-southeast-1.volces.com/banner_pc_NARUTO_STORM_4-1.jpg",
    "https://cloudmoon.tos-ap-southeast-1.volces.com/banner_pc_NARUTO_STORM_4-2.jpg",
    "https://cloudmoon.tos-ap-southeast-1.volces.com/banner_pc_NARUTO_STORM_4-3.jpg"
  ]
}