{
  "icon": "https://cloudmoon.tos-ap-southeast-1.volces.com/icon_Portal_2.png",
  "title": "Portal 2",
  "subTitle": "Platformer / Puzzle",
  "desc": "Portal 2 надгражда печелившата формула на оригиналния геймплей, история и музика, която донесе на оригиналния Portal над 70 индустриални награди и създаде култова общност.<br><br>Частта за един играч на Portal 2 въвежда нови динамични герои, поредица от нови елементи на пъзела и много по-голям набор от коварни тестови стаи. Играчите ще изследват невиждани досега райони на лабораториите Aperture Science и ще се съберат отново с GLaDOS, понякога убийствения компютърен спътник, който ги е превел през оригиналната игра.",
  "images": [
    "https://cloudmoon.tos-ap-southeast-1.volces.com/banner_pc_Portal_2-1.jpg",
    "https://cloudmoon.tos-ap-southeast-1.volces.com/banner_pc_Portal_2-2.jpg",
    "https://cloudmoon.tos-ap-southeast-1.volces.com/banner_pc_Portal_2-3.jpg"
  ]
}