{
  "icon": "https://cloudmoon.tos-ap-southeast-1.volces.com/icon_icon_Into_The_Breach.png",
  "title": "Into The Breach",
  "subTitle": "Turn-Based Strategy / Indie",
  "desc": "Останките от човешката цивилизация са застрашени от гигантски същества, размножаващи се под земята. Трябва да контролирате мощни бъдещи меха, за да отблъснете тази извънземна заплаха. Всеки опит да спасите света представя ново, произволно генерирано предизвикателство в тази походова стратегическа игра от създателите на FTL.<br>Основни характеристики:<br>Защитавайте градовете: Цивилните сгради захранват вашите меха. Защитавайте ги от Vek и внимавайте с огъня си!<br>Усъвършенствайте стратегията си: Всички вражески атаки са телеграфирани в минималистична походова битка. Анализирайте атаката на опонента си и намерете перфектния контраудар на всеки ход.<br>Изградете най-добрия мех: Намерете нови мощни оръжия и уникални пилоти, докато се борите с нашествието на Vek през островите на Корпоративната нация.<br>Още един шанс: Провалът не е опция. Когато сте победени, изпратете помощ обратно във времето, за да спасите друга времева линия!",
  "images": [
    "https://cloudmoon.tos-ap-southeast-1.volces.com/banner_pc_Into_The_Breach-1.jpg",
    "https://cloudmoon.tos-ap-southeast-1.volces.com/banner_pc_Into_The_Breach-2.jpg",
    "https://cloudmoon.tos-ap-southeast-1.volces.com/banner_pc_Into_The_Breach-3.jpg"
  ]
}