{
  "icon": "https://cloudmoon.tos-ap-southeast-1.volces.com/icon_DAVE_THE_DIVER.png",
  "title": "DAVE THE DIVER",
  "subTitle": "Pixel Graphics / Casual",
  "desc": "DAVE THE DIVER е неангажираща ролева приключенска игра за един играч, която включва дълбоководно изследване и риболов през деня и управление на суши ресторант през нощта. Присъединете се към Дейв и неговите причудливи приятели, докато се опитват да разкрият тайните на мистериозната Синя дупка.",
  "images": [
    "https://cloudmoon.tos-ap-southeast-1.volces.com/banner_pc_DAVE_THE_DIVER-1.jpg",
    "https://cloudmoon.tos-ap-southeast-1.volces.com/banner_pc_DAVE_THE_DIVER-2.jpg",
    "https://cloudmoon.tos-ap-southeast-1.volces.com/banner_pc_DAVE_THE_DIVER-3.jpg"
  ]
}