{
  "icon": "https://cloudmoon.tos-ap-southeast-1.volces.com/icon_Slay_the_Spire.png",
  "title": "Slay the Spire",
  "subTitle": "Roguelike Deckbuilder / Card Game",
  "desc": "Сляхме игри с карти и roguelike, за да създадем най-добрата игра за създаване на колоди за един играч, която можем. Създайте уникална колода, срещнете се с причудливи същества, открийте реликви с огромна сила и убийте върха на кулата!",
  "images": [
    "https://cloudmoon.tos-ap-southeast-1.volces.com/banner_pc_Slay_the_Spire-1.jpg",
    "https://cloudmoon.tos-ap-southeast-1.volces.com/banner_pc_Slay_the_Spire-2.jpg",
    "https://cloudmoon.tos-ap-southeast-1.volces.com/banner_pc_Slay_the_Spire-3.jpg"
  ]
}