{
  "icon": "https://cloudmoon.tos-ap-southeast-1.volces.com/icon_My_Time_At_Portia.png",
  "title": "My Time At Portia",
  "subTitle": "Life Sim / RPG",
  "desc": "Започнете нов живот в очарователния град Порция! Възстановете занемарената работилница на баща си до предишната й слава, като изпълнявате поръчки, отглеждате култури, отглеждате животни и се сприятелявате с причудливите жители на тази очарователна постапокалиптична земя!<br><br>Въоръжени със старото ръководство и работната маса на баща си, вие трябва да събирате, добивате и изработвате своя път, за да бъдете короновани за най-добър занаятчия на Порция. Помогнете на местните жители да възстановят града и да разкрият тайните, скрити дълбоко под него. Бъдете подготвени, обаче... няма да е лесно!<br><br>Градът Порция е пълен с нови и приятелски лица, които да срещнете. Сприятелявайте се, изпълнявайте заявки, разменяйте подаръци, отивайте на срещи и оставете романтиката да процъфтява!<br><br>Вдъхновен от магията на Studio Ghibli, My Time at Portia ви пренася в свят на чудеса, които няма да забравите. Как ще прекарате времето си в Порция?",
  "images": [
    "https://cloudmoon.tos-ap-southeast-1.volces.com/banner_pc_My_Time_at_Portia-1.jpg",
    "https://cloudmoon.tos-ap-southeast-1.volces.com/banner_pc_My_Time_at_Portia-2.jpg",
    "https://cloudmoon.tos-ap-southeast-1.volces.com/banner_pc_My_Time_at_Portia-3.jpg"
  ]
}