{
  "icon": "https://cloudmoon.tos-ap-southeast-1.volces.com/icon_Stardew_Valley.png",
  "title": "Stardew Valley",
  "subTitle": "Farming Sim / Pixel Graphics",
  "desc": "Наследихте стария парцел на дядо си в Stardew Valley. Въоръжени с инструменти втора употреба и няколко монети, вие тръгвате да започнете новия си живот. Можете ли да се научите да живеете от земята и да превърнете тези обрасли полета в процъфтяващ дом? Няма да е лесно. Откакто Joja Corporation дойде в града, старите начини на живот напълно изчезнаха. Центърът на общността, някога най-оживеният център на града, сега е в руини. Но долината изглежда пълна с възможности. С малко отдаденост, може би вие сте този, който ще върне величието на Stardew Valley!",
  "images": [
    "https://cloudmoon.tos-ap-southeast-1.volces.com/banner_pc_Stardew_Valley-1.jpg",
    "https://cloudmoon.tos-ap-southeast-1.volces.com/banner_pc_Stardew_Valley-2.jpg",
    "https://cloudmoon.tos-ap-southeast-1.volces.com/banner_pc_Stardew_Valley-3.jpg"
  ],
  "metaTitle": "Play Stardew Valley Online for Free on PC & Mobile | CloudMoon",
  "metaDesc": "Play Stardew Valley of the Light instantly in browser without downloading. Enjoy lag-free, low latency, and high-quality gaming experience while playing this role playing game."
}