{
  "icon": "https://cloudmoon.tos-ap-southeast-1.volces.com/icon_The_Great_Ace_Attorney_Chronicles.png",
  "title": "The Great Ace Attorney Chronicles",
  "subTitle": "Visual Novels / Adventure",
  "desc": "Потопете се в драматичен, но очарователен и остроумен свят на събиране на доказателства, дедукция и съдебни битки с този двоен пакет от приключенията на начинаещия адвокат Рюносуке.<br><br>Разположен в края на 19-ти век в Япония и Англия, всяко заглавие включва пет епизода на мистерии с убийства, пълни с цялата драма, смях, обрати и 'преобръщания', които очаквате от правно лабиринтното наследство на Ace Attorney. Присъединете се към Рюносуке Наруходо, прародител на основния герой от поредицата Финикс Райт, докато той се опитва да разкрие тайните зад международен престъпен заговор и да разреши един преследващ, озадачаващ неразрешен случай, докато се справя с редица трудни изпитания по пътя. Десетки часове правни действия ви очакват!",
  "images": [
    "https://cloudmoon.tos-ap-southeast-1.volces.com/banner_pc_The_Great_Ace_Attorney_Chronicles-1.jpg",
    "https://cloudmoon.tos-ap-southeast-1.volces.com/banner_pc_The_Great_Ace_Attorney_Chronicles-2.jpg",
    "https://cloudmoon.tos-ap-southeast-1.volces.com/banner_pc_The_Great_Ace_Attorney_Chronicles-3.jpg"
  ]
}