{
  "icon": "https://cloudmoon.tos-ap-southeast-1.volces.com/icon_Sid_Meiers_Civilization_VI.png",
  "title": "Sid Meier's Civilization VI",
  "subTitle": "Strategy / Turn-Based Strategy",
  "desc": "Civilization VI предлага нови начини за взаимодействие с вашия свят: градовете вече се разширяват физически по картата, активното изследване на технологии и култура отключва нов потенциал, а конкурентните лидери ще преследват свои собствени програми въз основа на историческите си черти, докато се състезавате за един от петте начина за постигане на победа в играта.",
  "images": [
    "https://cloudmoon.tos-ap-southeast-1.volces.com/banner_pc_Sid_Meier_s_Civilization_VI-1.jpg",
    "https://cloudmoon.tos-ap-southeast-1.volces.com/banner_pc_Sid_Meier_s_Civilization_VI-2.jpg",
    "https://cloudmoon.tos-ap-southeast-1.volces.com/banner_pc_Sid_Meier_s_Civilization_VI-3.jpg"
  ]
}