{
  "icon": "https://cloudmoon.tos-ap-southeast-1.volces.com/icon_Two_Point_Campus.png",
  "title": "Two Point Campus",
  "subTitle": "Management / Simulation",
  "desc": "Изградете своя кампус, по свой собствен начин!<br><br>Време е да преобразите академията! Имате ли жажда за учене? Или просто желание да построите образователен шедьовър? Кампусът е пълен с нови творчески инструменти, които да ви помогнат да изградите университета на мечтите си.<br><br>За първи път стройте на открито, докато развивате своята прекрасна университетска среда, дом на най-добрите учебни заведения в страната. Независимо дали предпочитате да строите върху прости основи, или искате да поставите всяко дърво, можете да построите университета, който желаете.<br><br>Начертайте пътеки с нови, лесни за използване инструменти. Засадете великолепни колекции от външна флора. Поставете пейки, фонтани, скулптури, живи плетове - дори огради от колове. Единственото ограничение е вашето въображение (и балансът ви в играта).",
  "images": [
    "https://cloudmoon.tos-ap-southeast-1.volces.com/banner_pc_Two_Point_Campus-1.jpg",
    "https://cloudmoon.tos-ap-southeast-1.volces.com/banner_pc_Two_Point_Campus-2.jpg",
    "https://cloudmoon.tos-ap-southeast-1.volces.com/banner_pc_Two_Point_Campus-3.jpg"
  ]
}