{
  "icon": "https://cloudmoon.tos-ap-southeast-1.volces.com/icon_Hollow_Knight.png",
  "title": "Hollow Knight",
  "subTitle": "Metroidvania / Souls-like",
  "desc": "Изковете свой собствен път в Hollow Knight! Епично екшън-приключение през огромно, разрушено кралство от насекоми и герои. Изследвайте усукани пещери, бийте се с повредени същества и се сприятелявайте със странни буболечки, всичко това в класически, ръчно рисуван 2D стил.",
  "images": [
    "https://cloudmoon.tos-ap-southeast-1.volces.com/banner_pc_Hollow_Knight-1.jpg",
    "https://cloudmoon.tos-ap-southeast-1.volces.com/banner_pc_Hollow_Knight-2.jpg",
    "https://cloudmoon.tos-ap-southeast-1.volces.com/banner_pc_Hollow_Knight-3.jpg"
  ]
}