{
  "icon": "https://cloudmoon.tos-ap-southeast-1.volces.com/icon_Celeste.png",
  "title": "Celeste",
  "subTitle": "Precision Platformer / Difficult",
  "desc": "Помогнете на Мадлин да оцелее от вътрешните си демони в пътуването си до върха на планината Селест, в тази ултра-прецизна платформър игра от създателите на TowerFall. Изправете се пред стотици ръчно изработени предизвикателства, разкрийте коварни тайни и сглобете мистерията на планината.",
  "images": [
    "https://cloudmoon.tos-ap-southeast-1.volces.com/banner_pc_Celeste-1.jpg",
    "https://cloudmoon.tos-ap-southeast-1.volces.com/banner_pc_Celeste-2.jpg",
    "https://cloudmoon.tos-ap-southeast-1.volces.com/banner_pc_Celeste-3.jpg"
  ]
}