{
  "icon": "https://cloudmoon.tos-ap-southeast-1.volces.com/icon_Hades.png",
  "title": "Hades",
  "subTitle": "Action Roguelike / Hack and Slash",
  "desc": "Hades е roguelike dungeon crawler, подобна на бог, която комбинира най-добрите аспекти от критично акламираните заглавия на Supergiant, включително бързото действие на Bastion, богатата атмосфера и дълбочина на Transistor и разказа, управляван от героите, на Pyre.",
  "images": [
    "https://cloudmoon.tos-ap-southeast-1.volces.com/banner_pc_Hades-1.jpg",
    "https://cloudmoon.tos-ap-southeast-1.volces.com/banner_pc_Hades-2.jpg",
    "https://cloudmoon.tos-ap-southeast-1.volces.com/banner_pc_Hades-3.jpg"
  ]
}