{
  "icon": "https://cloudmoon.tos-ap-southeast-1.volces.com/icon_Old_Mans_Journey.png",
  "title": "Old Man's Journey",
  "subTitle": "Adventure / Casual",
  "desc": "Old Man’s Journey, интроспективно пъзел приключение, разказва история за живот, загуба и надежда. Взаимодействайки със света около вас, вие ще оформите пейзажа, за да създадете пътя на стареца, за да продължи напред. Изпитайте болка и надежда, докато се впускате в трогателно пътешествие през слънчев свят.",
  "images": [
    "https://cloudmoon.tos-ap-southeast-1.volces.com/banner_pc_Old_Man_Journey-1.jpg",
    "https://cloudmoon.tos-ap-southeast-1.volces.com/banner_pc_Old_Man_Journey-2.jpg",
    "https://cloudmoon.tos-ap-southeast-1.volces.com/banner_pc_Old_Man_Journey-3.jpg"
  ]
}