{
  "icon": "https://cloudmoon.tos-ap-southeast-1.volces.com/icon_Disco_Elysium_The_Final_Cut.png",
  "title": "Disco Elysium - The Final Cut",
  "subTitle": "RPG / Story Rich",
  "desc": "Disco Elysium - The Final Cut е окончателното издание на революционната ролева игра. Вие сте детектив с уникална система от умения на ваше разположение и цял градски блок, за да се справите. Разпитвайте незабравими герои, решавайте убийства или приемайте подкупи. Станете герой или пълно човешко бедствие.",
  "images": [
    "https://cloudmoon.tos-ap-southeast-1.volces.com/banner_pc_Disco_Elysium-1.jpg",
    "https://cloudmoon.tos-ap-southeast-1.volces.com/banner_pc_Disco_Elysium-2.jpg",
    "https://cloudmoon.tos-ap-southeast-1.volces.com/banner_pc_Disco_Elysium-3.jpg"
  ]
}