{
  "icon": "https://cloudmoon.tos-ap-southeast-1.volces.com/icon_Sudoku_Classic_2.png",
  "title": "Sudoku Classic 2",
  "subTitle": "Puzzle",
  "desc": "Персонализирано судоку с усещането за писане с химикалка на хартия и лекотата на игра на видеоигра.<br>Това е видеоигра, но можете да я играете, сякаш пишете с химикалка на хартия.<br>Можете да персонализирате функциите за помощ по ваш вкус.<br><br>● Персонализирайте функциите за помощ и играйте с настройките, които предпочитате.<br><br>● Играта може да се играе по всяко време, навсякъде, дори ако отнема много време.<br><br>● Поддържат се сензорни контроли.<br>Сензорните контроли улесняват играенето небрежно.<br><br>● Има общо 300 задачи в нива на трудност ЛЕСНО, НОРМАЛНО и ТРУДНО.<br>Има 300 задачи в три нива на трудност: Лесно, Нормално и Трудно.",
  "images": [
    "https://cloudmoon.tos-ap-southeast-1.volces.com/banner_pc_Sudoku_Classic_2-1.jpg",
    "https://cloudmoon.tos-ap-southeast-1.volces.com/banner_pc_Sudoku_Classic_2-2.jpg",
    "https://cloudmoon.tos-ap-southeast-1.volces.com/banner_pc_Sudoku_Classic_2-3.jpg"
  ]
}