{
  "icon": "https://cloudmoon.tos-ap-southeast-1.volces.com/icon_DRAGONZ.png",
  "title": "DRAGON BALL FighterZ",
  "subTitle": "Fighting / Anime",
  "desc": "DRAGON BALL FighterZ е родена от това, което прави поредицата DRAGON BALL толкова обичана и известна: безкрайни, зрелищни битки с нейните всемогъщи бойци.<br><br>В партньорство с Arc System Works, DRAGON BALL FighterZ увеличава до максимум висококачествената аниме графика и предлага лесен за научаване, но труден за овладяване боен геймплей.",
  "images": [
    "https://cloudmoon.tos-ap-southeast-1.volces.com/banner_pc_DRAGON_BALL_FighterZ-1.jpg",
    "https://cloudmoon.tos-ap-southeast-1.volces.com/banner_pc_DRAGON_BALL_FighterZ-2.jpg",
    "https://cloudmoon.tos-ap-southeast-1.volces.com/banner_pc_DRAGON_BALL_FighterZ-3.jpg"
  ]
}