{
  "images": [
    "https://play-lh.googleusercontent.com/9-PYw8mwBuIIEWHt3oNDKe0h8Xky6ech8mWl-NbGthX8LvIhuBVdK8ttrBVeLzOjKGI=w526-h296-rw",
    "https://play-lh.googleusercontent.com/iyaRC63b68N3rnUSDJyMa-RaqWhp9Pjkw781AZCj8KIJP_x3OgvybOjolMrIL9cySWP1=w526-h296-rw",
    "https://play-lh.googleusercontent.com/_r6E-IHqwKDqwqNCEdlmthc7pI36yXL5SgWHbx1rYT32sVBIKBlFiuPP11Tgj0I_iTo=w526-h296-rw",
    "https://play-lh.googleusercontent.com/-jNRbZzaVYJPaV9Mx6e1_EJnmoeWlW15ZMJtM-t4zzP_P7t8KdgivxdM0pMBdLPE884=w526-h296-rw",
    "https://play-lh.googleusercontent.com/mmXgRfzKW6JG5kQ42QNxB_UTU5GG9B451sW4qmSI8bSCNu4bzBK7Lgzk5vveVyjrHg=w526-h296-rw"
  ],
  "title": "Seven Knights Idle Adventure",
  "icon": "https://play-lh.googleusercontent.com/rMcSW2bCednEi239X8xFJJ8y_ApvKpYx-ZnWg3SRG6uoq4R77RW2eZTWsKlpsSGk_XI=w240-h480-rw",
  "subTitle": "Rollenspiele/Idle RPG",
  "desc": "Ein neues Kapitel von Seven Knights beginnt!<br> Triff neue Helden sowie bekannte Gesichter aus anderen Seven-Knights-Spielen und schließe dich ihrem spannenden Abenteuer an!<br> <br> ▶ Werde stärker unterwegs!<br> Ganz einfach kämpfen und stärker werden!<br> Durch automatische Kämpfe kannst du EXP und Gold erhalten, auch wenn du nicht eingeloggt bist!<br> <br> ▶ Stelle dein eigenes Heldenteam zusammen!<br> Triff die liebenswerten Helden von Seven Knights!<br> Lass dein Team mit einzigartigen Charakteren glänzen!<br> <br> ▶ Strategischer 10-gegen-10-Kampf!<br> Genieße spektakuläre Kämpfe mit bis zu 10 Charakteren!<br> Zeige, was deine Helden auf dem Feld, in Dungeons und in der Arena draufhaben!<br> <br> ▶ Haustiere und Kostüme für einen frischen Look!<br> <br> ▶ Erhalte tonnenweise Rubine im großen Login-Event!<br> Schnelle Verstärkungsunterstützung!<br> Erhalte tonnenweise Login-Belohnungen und verstärke deine Helden schnell! <br> <br> ※ Diese App bietet In-App-Käufe. Du kannst diese Funktion über deine Geräteeinstellungen deaktivieren.<br> ※ Durch den Download dieses Spiels stimmst du unseren Nutzungsbedingungen und unserer Datenschutzerklärung zu.<br> <br>  - Nutzungsbedingungen: https://help.netmarble.com/terms/terms_of_service_en<br> - Datenschutzerklärung: https://help.netmarble.com/privacy_policy/skiagb"
}