{
  "images": [
    "https://play-lh.googleusercontent.com/mv79U3C1v5NcCG15-zAy-eq2-CY9BDGFU2Zs1eWSh149FWpBpKIGxcCL1Dk4Fewopw=w526-h296-rw",
    "https://play-lh.googleusercontent.com/lLQauj-aQz4039IReOzkeKAwnX5-_8qsIeEaL1dRSQUzYr29-WArCT1ctikgbWRsQp5p=w526-h296-rw",
    "https://play-lh.googleusercontent.com/6VNwvJq47wUmH4DkwH5jAqhzPrB-OwmE8I2XRpyj_7tr5Q07HCw6qDE_bhk7FjO2tTAZ=w526-h296-rw",
    "https://play-lh.googleusercontent.com/GNs73iSeiEgUuqjQOM1GhtULnGExTIlN8sg7CG-lrqtRrwZ_mdV6rMsjhCB9VyQy64pM=w526-h296-rw",
    "https://play-lh.googleusercontent.com/PmhVSwPbp6I8P6eI6GYbF04hiuTC_sh6yIqCgEJsZvDBe4reBbtkHP3pahLUbYqqfQ=w526-h296-rw"
  ],
  "title": "Wuthering Waves",
  "icon": "https://play-lh.googleusercontent.com/g-47eiWo7LYLBFOQrYNzjrsTf4HRzUT--lSGrqJ9BPJFV72FEdYo5rSMI6AXBDyzrA=w240-h480-rw",
  "subTitle": "Rollenspiele/Action-Rollenspiele",
  "desc": "Wuthering Waves is a free-to-play open-world action RPG developed by Kuro Games, first released in mid-2024 across PC, mobile, and later on consoles. It aims to combine expansive exploration, fast-paced combat, and a rich gacha system—all wrapped in a visually striking post-apocalyptic setting.<br><br>You play as Rover, awakened in a ravaged world called Solaris-3 in the aftermath of a cataclysm known as the Lament. With little memory, Rover joins “Resonators”—allies with unique powers—to uncover lost pasts, face strange creatures called Tacet Discords, and gradually piece together what was lost. The plot weaves together themes of survival, identity, and evolution in a world balancing ruin and hope.<br><br>Combat in Wuthering Waves emphasizes responsiveness and versatility. Players can dodge, counter, perform echo skills, and use QTE (quick time event) mechanics in battles. The movement system is also robust: expect grappling, aerial traversal, and mobility tools that help you explore across the terrain fluidly. The “Echo” system adds another layer—by collecting echo fragments or cores, you unlock assistive abilities or build out strategic synergies.<br><br>As with many open-world gacha games, Wuthering Waves offers a roster of Resonators (some rarer than others), equipment, skins, and cosmetic enhancements. Each character’s Forte and echo options allow for build differentiation. Events, banners, and time-limited content play big roles in pacing what and when content becomes available. Players have made note that while the game is generous with login rewards and free currency drops, certain high-tier characters and items remain premium.<br><br>Many reviewers praise the game’s art direction—especially its blend of sci-fi decay and futuristic elements, atmospheric design, and character aesthetics. The music and sound design also receive frequent commendation for enhancing immersion. In user reviews, players openly applaud Wuthering Waves for its scope, ambition, and its attempt to push boundaries in the gacha + open-world genre. Some compare it to giants like Genshin Impact or Honkai: Star Rail, noting it has a more combat-focused identity. Commercially, its global rollout and regular content updates have helped it maintain strong momentum.<br><br>If you love fast combat, beautiful environments, and meaningful gacha systems (balanced with patience), this is one to try."
}