{
  "images": [
    "https://play-lh.googleusercontent.com/DwWb_zhYLwNFYVxRAmWVodLuP-i_YA0Qdjv4wS2-MmW93G9BMfJb9j08kp01T8sGMODYqgMy2LpU6HplOwJ-Sw=w526-h296-rw",
    "https://play-lh.googleusercontent.com/7UQAwtNJqpgT8b_pKo7rPfLXKW4IJgsLpASI9vzgRYwGvqMmR0vhuEOsE4g4vJFL6K4n5RfXrNFEYsTeeCDs1l4=w526-h296-rw",
    "https://play-lh.googleusercontent.com/pUF0-RSIGwK_UB6BEuTn-pJBrZdocvYx4JgaNyXcv-RWGw8fayw3cvLEXmFtivMG5VXxBkwy-VwmGrof-Djt=w526-h296-rw",
    "https://play-lh.googleusercontent.com/zVGftpdWCoWRgfGH0l7uiYx40HijeOWdpO2M4SAEUwBhmFPf6CR9gx_DyLzjjVzUCA56GsBhrCgegjYdIMqDysM=w526-h296-rw",
    "https://play-lh.googleusercontent.com/HlquA-MUok-oS6kqaX5WWi6l0tyv-XKyqVQcMrCkUzYXS223euF_jtJxKiQHqgP9SsECLx5AS3_kcI_YVyTh=w526-h296-rw"
  ],
  "title": "Mobile Legends: Bang Bang",
  "icon": "https://play-lh.googleusercontent.com/Bi6Ci1rk-szbr2-zaiy1ERCwgf6ndaNX81btfma8JurIMAg-_E5erEHGT2E5U6pyRCGSaV0091Kdt6tOboL9t9Y=w240-h480-rw",
  "subTitle": "Strategie/MOBA",
  "desc": "Mobile Legends: Bang Bang ist ein kostenlos spielbares 5v5-Multiplayer-Online-Battle-Arena (MOBA)-Spiel, entwickelt und veröffentlicht von Moonton.<br>Seit seiner Veröffentlichung im Jahr 2016 hat es sich zu einem der beliebtesten Mobile Games weltweit entwickelt – insbesondere in Südostasien.<br><br>In MLBB treten zwei Teams mit jeweils fünf Spielern gegeneinander an, um die Basis des Gegners zu zerstören und gleichzeitig die eigene zu verteidigen.<br>Die Karte ist in drei Lanes unterteilt, mit Türmen, Dschungelbereichen und Vasallen. Spieler wählen aus einer vielfältigen Heldenliste, die verschiedene Rollen abdeckt – darunter Tank, Schütze, Assassine, Kämpfer, Magier und Support.<br><br>Spielmodi<br>· Klassik-Modus: Der Standard-5v5-Modus, in dem Spieler versuchen, die gegnerische Basis zu zerstören.<br>· Ranglisten-Modus: Kompetitive Matches, in denen die Fähigkeiten der Spieler getestet und Rankings vergeben werden.<br>· Brawl-Modus: Ein schnelleres Match mit nur einer Lane und zufällig zugeteilten Helden.<br>· Magic Chess: Ein Auto-Battler-Modus, bei dem Heldenplatzierung und Item-Strategien entscheidend sind.<br>· Weitere Rotationsmodi: Gelegentlich gibt es Spezialmodi wie Mayhem oder Mirror, die einzigartige Spielerfahrungen bieten.<br><br>Esports<br>MLBB verfügt über eine lebendige Esports-Szene, mit regionalen Turnieren, die in die Mobile Legends World Championships münden.<br>Das Spiel war sogar ein Medaillen-Event bei den Südostasienspielen 2019 und ist weiterhin ein fester Bestandteil internationaler Esports-Wettbewerbe.<br><br>Monetarisierung<br>Das Spiel ist kostenlos spielbar, bietet jedoch In-App-Käufe für kosmetische Items, Skins und Helden.<br>Spieler können Währung durch Gameplay verdienen oder diese direkt kaufen.<br><br>Warum es begeistert<br>· Strategische Tiefe: Die Kombination aus Heldenauswahl, Teamzusammenstellung und Echtzeit-Taktik bietet ein reichhaltiges strategisches Erlebnis.<br>· Zugänglichkeit: Steuerung und Mechaniken sind speziell für mobile Geräte optimiert und damit leicht zugänglich.<br>· Regelmäßige Updates: Neue Helden, Skins und Balance-Anpassungen sorgen ständig für frischen Spielspaß.<br>· Globale Community: Eine große, aktive Spielerschaft garantiert spannende Matches und Community-Events."
}