{
  "images": [
    "https://play-lh.googleusercontent.com/4CIjOZz6zA48nmZHmOBAzZyqYGDgfXYLOvaW5SMlFJ5f82sKDdORl6ZRJjWnt_iuSDhPzmYbmy0GVSFZSc3U=w526-h296-rw",
    "https://play-lh.googleusercontent.com/BUxAet5HAwB-1UfIygGMFlm7rzKA8hAXfnmH6gR1oJDzJYuEyggRyPhb1YhUtZFBccY=w526-h296-rw",
    "https://play-lh.googleusercontent.com/7xs0wity7g6awxjnGdRJ7-VZvWjLvF3HlH9omLC9lndzdkKSZ-C1GArdp2F0m4VYCJc=w526-h296-rw",
    "https://play-lh.googleusercontent.com/aYO661wFw4O3khUfOSTbF_uYomH_ahvXI6K4I3nbP2aso9bUYaawgzr3dLrLhOqaSlc=w526-h296-rw",
    "https://play-lh.googleusercontent.com/ccL9Ao1LUPLS_2IF6qYmbZj1pmXbgmyxLdxyzzy2-vwZ-BUMZwcnkPmv9zlQJPg2ZToj=w526-h296-rw"
  ],
  "title": "Lost Sword",
  "icon": "https://play-lh.googleusercontent.com/VxizOyxX-TVUJeDpMvxZJf-iqm_WE1H_VP34O4rkXuc_7TNDnlxnwNOfZ3IIgzglilqZ=w240-h480-rw",
  "subTitle": "Rollenspiele/Idle RPG",
  "desc": "Episches Anime-Fantasy-Rollenspiel <br>Endloses romantisches „Action-Flirten“ mit den Mädels!<br>Begib dich jetzt mit den einzigartigen Charakteren aus Lost Sword auf eine Anime-Reise in eine andere Welt.<br>Lerne das Action-Flirt-Rollenspiel mit lebendigen Charakterfähigkeiten und einer spannenden Story kennen.<br>„Das heilige Schwert Excalibur, von Feen geschmiedet,<br>verfügt über gottgleiche Kräfte, die einen Berg mit einem einzigen Schwung halbieren können.<br>Dieses göttliche Relikt der Fee verschwand einst spurlos;<br>es wird wieder erscheinen, um dem wahren König zu dienen, wenn der Segen des Roten Drachen erlischt.<br>Diese Prophezeiung galt zunächst als Mythos, erlangte aber kürzlich an Bedeutung,<br>nachdem Uther Pendragon, der den Segen des Roten Drachen besaß, vom Falschen König Vortigern niedergestreckt wurde.<br>Der Krieg um den wahren König begann,<br>und König Uthers Tochter, Elizabeth Pendragon, machte sich auf die Suche nach Excalibur, blieb jedoch verschwunden.<br>So begann die Große Unordnung.“<br>▣Spielübersicht▣<br>■ Isekai-Abenteuer-RPG voller lebendiger Chemie und bezaubernder Mädchen!<br>Feenkönigin Morgana, die nach vielen Wiedergeburten zur Einsiedlerin wird,<br>Prinzessin Elizabeth, die unter ihrem sanften Lächeln einen starken Willen verbirgt,<br>Bedivere, einer der Ritter Britannias und ein Heulsuse, der Elizabeth jedoch treu ergeben ist,<br>und schließlich Ethan, der sich ihnen auf die Suche nach dem Heiligen Schwert begibt!<br>Beginne die Reise mit den attraktiven Charakteren, um gemeinsam das Heilige Schwert zu finden!<br>■ AFK-RPG deiner Träume! 2D-Side-Scrolling-Echtzeit-Action & verschiedene Kämpfe<br>Wachsendes Gruppenspiel durch endlose Echtzeit-AFK-Kämpfe!<br>Von verschiedenen Dungeons und Einzel-Raids bis hin zu interessanten Event-Dungeons –<br>Genieße das Wachstum durch interessante Kampf-RPG-Inhalte!<br>■ Visuell beeindruckende, hochwertige 2D-Anime-Illustrationen und spektakuläre Skill-Action!<br>Optisch unterhaltsame AFK-Kämpfe mit detaillierten Anime-LD-Charakterbewegungen und spektakulären Skill-Zwischensequenzen!<br>Mit Kampfbewegungen und Skill-Zwischensequenzen, die sich wie echte Animation anfühlen,<br>verdoppeln Sie den Spaß beim Sammeln von Charakteren und Kämpfen!<br>■ Realistische Charakterstimmen mit erstklassigen Synchronsprechern!<br>Die besten Synchronsprecher waren dabei!<br>Ein fesselndes Erlebnis, verstärkt durch die realistischen Stimmen unserer talentierten Synchronsprecher!<br>Tauchen Sie mit erstklassigen Synchronsprechern tiefer in die Welt von Lost Sword ein.<br>[Offizieller Lost Sword Community-Kanal]<br>- Marken-Webseite: https://lostsword.wemadeconnect.com/EN/index.html#Main<br>- Discord: https://discord.gg/ekgwAEQWu3<br>- Twitter (X): https://x.com/lostsword_en<br>- Facebook: https://www.facebook.com/LostSword.Global<br>- YouTube: https://www.youtube.com/@lostsword_en<br>- TikTok: https://www.tiktok.com/@lostsword_en<br>- Reddit: https://www.reddit.com/r/LostSword/<br>[Mindestanforderungen]<br>- Betriebssystem: Android 6.0 oder höher<br>- Samsung Galaxy S9 oder höher<br>- RAM : 4 GB oder mehr<br>[Informationen zu App-Berechtigungen]<br>Um die folgenden Dienste anbieten zu können, benötigen wir bestimmte Berechtigungen.<br>[Optionale Berechtigung]<br>Telefon: Ermöglicht die Verbindung von drahtlosen Geräten wie Kopfhörern über Bluetooth.<br>Benachrichtigungen: Damit die App Dienstbenachrichtigungen senden kann.<br>*Das Verweigern optionaler Berechtigungen hat keine Auswirkungen auf das Spiel.<br>[App-Berechtigungsverwaltung]<br>▶ Android 6.0 oder höher:<br>– Entziehen nach Berechtigungstyp:<br>Geräteeinstellungen > Apps > Weitere Optionen (Einstellungen & Steuerung) > App-Einstellungen > App-Berechtigungen > Gewünschte Berechtigung auswählen > Zugriff zulassen oder verweigern<br>– Entziehen nach App:<br>Geräteeinstellungen > Apps > App auswählen > Berechtigungen > Zugriff zulassen oder verweigern<br>▶ Unter Android 6.0:<br>Aufgrund der Einschränkungen des Betriebssystems ist es nicht möglich, einzelne Berechtigungen zu entziehen. Berechtigungen können nur durch Löschen der App entzogen werden.<br>Wir empfehlen Ihnen, Ihre Android-Version auf 6.0 oder höher zu aktualisieren."
}