{
  "images": [
    "https://play-lh.googleusercontent.com/J36RfQIrI5B02G0etP85LtYETCB9VnbQWsbxTZtsI_FZdfsBEn_bd_3MQVgIlOC6mCs=w526-h296-rw",
    "https://play-lh.googleusercontent.com/PJ7zpTX-qNmUMkGcwddS-aDYggJL2pKfG9O19jK4tsDJM7949v1xbkMgnG6EIbNxPus=w526-h296-rw",
    "https://play-lh.googleusercontent.com/5SZvmPeZ3AVnqwm3lJ0mZnMHvaDNPaZc7aw7lAu0x9GTRhwouXANjCbfgRoJBnbG8SI=w526-h296-rw",
    "https://play-lh.googleusercontent.com/B9ZMHlSZMde0Qse1sWPFJY2R5mF5IN0CcTlbR19M-UyXbAa8DGiwOBdNNJ-UV51dsy4=w526-h296-rw",
    "https://play-lh.googleusercontent.com/TRt23jPV_kTYQGgoGKZ70XFAEc8_W3rx17lyjDOXdf_HyOoGTxgbFkFQpu2hs-Lavj-8=w526-h296-rw"
  ],
  "title": "Genshin Impact",
  "icon": "https://play-lh.googleusercontent.com/iP2i_f23Z6I-5hoL2okPS4SxOGhj0q61Iyb0Y1m4xdTsbnaCmrjs7xKRnL6o5R4h-Yg=w240-h480-rw",
  "subTitle": "Rollenspiele/Action-Rollenspiele",
  "desc": "Genshin Impact ist ein weitläufiges Action-RPG, das die Spieler nach Teyvat entführt – eine handgemalte, von Anime inspirierte offene Welt, in der Erkundung und Elementarkämpfe im Mittelpunkt stehen. Statt langwieriger Level-Grinds setzt das Spiel auf schnelle, reaktive Action: Man wechselt nahtlos zwischen verschiedenen Charakteren, um Elementarreaktionen auszulösen, Umwelt-Rätsel zu lösen und versteckte Belohnungen auf einer visuell beeindruckenden Karte zu entdecken.<br><br>Hinter dieser leicht zugänglichen Oberfläche verbirgt sich ein tiefes Fortschrittssystem. Charaktere werden über Levelaufstiege, Waffen und Artefakte weiterentwickelt, während ressourcenbasierte Limits und zeitgebundene Herausforderungen bestimmen, wie und wann man besonders lohnenswerte Begegnungen meistert. Genshin Impact unterstützt sowohl Solo-Abenteuer als auch einen leichten Koop-Modus, in dem Freunde gemeinsam Bosse besiegen oder die Welt erkunden können.<br><br>Schon zum Release sorgte der Titel für Aufsehen, da er „AAA“-Produktionsqualität auf Smartphones und PCs brachte. Kritiker lobten den Detailreichtum der Präsentation, den Charme der Welt und Figuren sowie die befriedigende Chemie der Kämpfe – auch wenn manche Reviews das Pacing oder die Monetarisierung kritisch sahen. Dennoch halfen genau diese Stärken dem Spiel, schnell eine weltweite Fangemeinde aufzubauen und kommerziell große Erfolge zu feiern.<br><br>Wirtschaftlich entwickelte sich Genshin Impact zu einem der profitabelsten Mobile-/PC-Spiele aller Zeiten. Durch regelmäßige Inhalts-Updates, neue Charaktere und saisonale Events hält das Spiel seine Einnahmen auf hohem Niveau. Das Live-Service-Modell verbindet neue Regionen und Story-Kapitel mit rotierenden Charakter-Bannern, die das Ökosystem kontinuierlich beleben.<br><br>Wie bei vielen großen Online-Spielen stand Genshin auch unter Beobachtung: Regulierungsbehörden und Branchenbeobachter forderten transparentere Informationen zu Lootbox-Mechaniken und altersgerechte Schutzmaßnahmen, was in einigen Märkten zu Anpassungen der Richtlinien führte. Diese Entwicklungen zeigen, wie das Geschäftsmodell und die kulturelle Reichweite des Spiels die Diskussion um Monetarisierung in modernen Games prägen.<br><br>Ob man nun wegen der atemberaubenden Landschaften, den rätselhaften Begegnungen oder den ständig wechselnden Charakteren einsteigt – Genshin Impact kombiniert Erkundung und charakterbasiertes Kampf-Gameplay zu einem langanhaltenden Online-Erlebnis, das mit neuen Inhalten stetig wächst und dabei stets die Balance zwischen Zugänglichkeit und spielerischer Tiefe sucht."
}