{
  "images": [
    "https://play-lh.googleusercontent.com/jDjTGJTGen9CClH8w3EAo6c3SehgGCEqSSovBCeMy-HwL2u7u5LyjUc4lAyfp_BtEGM=w526-h296-rw",
    "https://play-lh.googleusercontent.com/-m6PBQFSq3JNqUsXybFRATiGCeKfcIroKdr0NX5neG0hJw-kIzq_vC4u3_kG7LGmxg=w526-h296-rw",
    "https://play-lh.googleusercontent.com/53Gt6JSEgimzjBw2_yOgFnftR5tDAcEXjpbAeVGzMJMq1s3whv-HF8TSu14ozeFjifc=w526-h296-rw",
    "https://play-lh.googleusercontent.com/m9ghiMKZmUwcROE9tqNVb_ZxlEoXkWY2AohSVz0P70YSgt_mQpYVj4Vgv3UXvDpO_0M=w526-h296-rw",
    "https://play-lh.googleusercontent.com/ei9wKL55GgFOdpTz0cLqvOJnuVbV_1VsPdzv2wRUS6ZYAA6ZXR8KmZgUs8KgbgHSvLs=w526-h296-rw"
  ],
  "title": "Sky: Kinder des Lichts",
  "icon": "https://play-lh.googleusercontent.com/Y3EGSP2XekSNQTFcCnhzHaUrMt94ujawgImieIPT0BBcDvd5Bh6BfaFcrlGpenIzhZs=w240-h480-rw",
  "subTitle": "Rollenspiele/MMORPG",
  "desc": "Sky: Kinder des Lichts ist ein friedliches, preisgekröntes MMO von den Schöpfern von Journey. Erkunde ein wundervoll animiertes Königreich über sieben Reiche und erschaffe bedeutsame Erinnerungen mit anderen Spielern in diesem bezaubernden Rätsel-Adventure.<br>Spielfeatures:<br>In diesem sozialen Multiplayer-Spiel gibt es zahllose Gelegenheiten, um neue Freunde kennenzulernen und mit ihnen zu spielen.<br>Jeder Tag bietet eine Gelegenheit für ein Abenteuer. Spiele häufig, um neue Erfahrungen freizuschalten und mit Kerzen belohnt zu werden, für die du Cosmetics erhalten kannst.<br>Gestalte dein Aussehen:<br>Drücke dich aus! Neue Looks und Accessoires sind in jeder neuen Saison oder in Events verfügbar.<br>Endlose Erfahrungen:<br>Lerne neue Emotes und gewinne Weisheit von alten Geistern. Fordere Spieler zu einem Rennen heraus, mach es dir am Feuer gemütlich, spiele Instrumente oder rase Hügel hinunter. Was auch immer du tust, hüte dich vor den Krill!<br>Spielen via Cross-Platform:<br>Schließen Sie sich Millionen von echten Spielern aus der ganzen Welt an!<br>Zeige deine künstlerische Seite:<br>Tritt unserer talentierten Community aus Schöpfern bei! Mach Fotos oder nimm Videos beim Spielen ab und teile Erinnerungen, während du mit deinen neuen Freunden spielst.<br>Gewinner von:<br>- Mobile Game of the Year (Apple)<br>- Hervorragendes Design und Innovation (Apple)<br>- Die meisten Nutzer in einer virtuellen Welt mit dem Thema „Konzert“ (Guinness World Record)<br>- Mobile Game of the Year (SXSW)<br>- Bestes Visual Design: Aesthetic (Webby)<br>- Bestes Gameplay & People’s Choice (Games for Change Awards)<br>- Audience Award (Game Developers Choice Award)<br>- Bestes Indie-Spiel (Tap Tap Game Awards)"
}