{
  "images": [
    "https://play-lh.googleusercontent.com/FUr0IiQACKjytS6C2v5-vAaY2e-dRR6ZJSsvTqslpx5hiKRvLoCSlT1JxzdUN0nH1bTT=w526-h296-rw",
    "https://play-lh.googleusercontent.com/XJFJdi6q2xmxofHsFLhHupHc-10gNLd63gkidRKamT-mvGKBxuw5uVPa6n1sVCPaF032=w526-h296-rw",
    "https://play-lh.googleusercontent.com/3Ye-69o6rWeN3960bvY1gi2I0Cu5HJo04jPkRf4KCxBXQCztLG9vkWAF4LunXRAx9j4=w526-h296-rw",
    "https://play-lh.googleusercontent.com/rPgWeRxjDmKQMQU73wqvibyOIDPw6MQhZLSVcteJulNf4AFraFV2foQMEHBfUUOdpwQ=w526-h296-rw",
    "https://play-lh.googleusercontent.com/qoEymD7a_CDbOWDEyz0AgHKlB1fmFajlLho6QosjzyvwsDrqtJ9QLmpX9Mucac235N0=w526-h296-rw"
  ],
  "title": "AFK Journey",
  "icon": "https://play-lh.googleusercontent.com/Gtr6sMekjBdbMakdPtl7kr2fZKxtOs0Jm-pu4t1PioThmnG9azrAH4157CNM_xa5hnY=w240-h480-rw",
  "subTitle": "Rollenspiele/Action-Strategie/Casual",
  "desc": "AFK Journey ist ein kostenlos spielbares Fantasy-RPG, entwickelt von Lilith Games und veröffentlicht von Farlight Games. Das Spiel wurde am 27. März 2024 für Windows, Android und iOS veröffentlicht und dient als Fortsetzung des Idle-Rollenspiels AFK Arena.<br><br>Setting & Story<br>Das Spiel spielt im magischen Land Esperia. AFK Journey folgt dem amnestischen Magier Merlin und seinem Team von Helden, während sie die Geheimnisse der Welt aufdecken und Merlins vergessenes Vergangenes wiederherstellen. Die Handlung behandelt den alten Konflikt zwischen sechs großen Fraktionen – Lightbearers, Wilders, Maulers, Graveborns, Celestials und Hypogeans – die jeweils um Macht und Vorherrschaft kämpfen.<br><br>Gameplay<br>AFK Journey bietet eine Mischung aus Idle- und strategischem Gameplay:<br>· Weltkarte: Erkunde verschiedene Regionen, schließe Quests ab und kämpfe in Schlachten, um die Story voranzutreiben.<br>· AFK-Stufen: Helden kämpfen automatisch in diesen Stufen, wodurch Spieler auch Offline-Belohnungen verdienen.<br>· Dream Realm: Ein Boss-Rush-Modus, in dem Spieler darum wetteifern, den höchsten Schaden an täglichen Bossen zu verursachen.<br>· Honor Duel: Ein PvP-Modus mit fairen Kämpfen unter Verwendung voreingestellter Helden.<br>· Arena: Kämpfe mit deinem Helden-Roster gegen die Verteidigungsteams anderer Spieler.<br>· Arcane Labyrinth: Navigiere durch ein Labyrinth, meistere Herausforderungen und erhalte Belohnungen.<br>· Battle Drills: Ein Gildenmodus, der strategische Schlachten in den Vordergrund stellt.<br>· Legend Trial: Ein turmbasierter Modus für Fraktionen mit verschiedenen Prüfungen und Belohnungen.<br><br>Helden & Gacha-System<br>Das Spiel verfügt über eine vielfältige Heldenbesetzung, die jeweils einer der sechs Fraktionen angehören. Spieler können Helden sammeln und aufwerten über ein Gacha-System, um Teams zusammenzustellen, Herausforderungen zu meistern und im Spiel voranzukommen."
}