{
  "images": [
    "https://play-lh.googleusercontent.com/73d1QaX5wH1JcqBw3Dl6PQv3hmni-jgxT0gmye8_nI2Th9KrvjSKEkKA37W5-Zb28A=w526-h296-rw",
    "https://play-lh.googleusercontent.com/aM4OQFa43Rqq_TxUxHFeCNtZt5Q7DQEfnZpeHGZsku6YsCKJ2hzS4MbCB8e0QJvQOdM=w526-h296-rw",
    "https://play-lh.googleusercontent.com/2eU3NDmUYmd0Ew-7-Rx0fmRPDdkbeT-Yy7Fo4Jx-yiuckJm_k8LhY6DwkzrtxkO5eu90=w526-h296-rw",
    "https://play-lh.googleusercontent.com/z8xHDvmMqghIsl9wvkHw2tkwP5KJ6SuYhVe0x_C2zVRHJL6Mh0K52aigddrEcO2OMKA=w526-h296-rw",
    "https://play-lh.googleusercontent.com/bvzpNUWh0U71jRYBGbmpr0RnYSoz1m_EBVPy4qlpPjGWhI0EKGfrig7HCOn45iDkPXc=w526-h296-rw"
  ],
  "title": "Roblox",
  "icon": "https://play-lh.googleusercontent.com/7cIIPlWm4m7AGqVpEsIfyL-HW4cQla4ucXnfalMft1TMIYQIlf2vqgmthlZgbNAQoaQ=w240-h480-rw",
  "subTitle": "Simulation/Sandbox/Casual",
  "desc": "Roblox online spielen – ganz ohne Downloads!<br>Mit Roblox Cloud Gaming musst du nichts mehr installieren. Öffne einfach deinen Webbrowser, klicke auf „Play“, und starte sofort. Genieße tausende beliebte Roblox-Cloud-Spiele jederzeit, überall und auf jedem Gerät – egal ob PC, Mac, Android oder iOS.<br><br>Top Roblox-Spiele zum Ausprobieren – Spaß für alle!<br><br>Adopt Me: Ein Muss für Abenteuer-Fans! Adoptiere süße Haustiere, baue und dekoriere dein Traumhaus und entdecke eine farbenfrohe Welt voller Aktivitäten.<br><br>Brookhaven RP: Lust auf ein immersives Rollenspiel? Lebe in einer virtuellen Stadt, erschaffe deine eigenen Geschichten und interagiere mit Spielern weltweit.<br><br>The Strongest Battlegrounds: Für actiongeladene Kämpfe! Miss dich mit anderen Spielern, teste dein Können und erlebe Adrenalin pur in intensiven Multiplayer-Duellen.<br><br>Blox Fruits: Begib dich auf ein episches Seeabenteuer! Finde seltene Früchte, entdecke Schätze und schalte mächtige Fähigkeiten frei, während du weite Ozeane erkundest.<br><br>Murder Mystery 2: Perfekt für Fans von Mystery und Strategie. Enthülle die Identität des Mörders, bevor die Zeit abläuft – jede Entscheidung zählt!<br><br>Bladeball: Rasantes, kompetitives Gameplay, das Ninja-Kämpfe mit Ball-Action verbindet. Zeige dein Können und dominiere die Arena.<br><br>Egal ob Abenteuer, Rollenspiel, Multiplayer-Action oder Strategie – mit Roblox Cloud Gaming spielst du sofort, ohne Speicherplatz auf deinem Gerät zu verbrauchen. Einfach auf Play klicken und in die Roblox-Welt eintauchen – jederzeit und überall!"
}