{
  "images": [
    "https://play-lh.googleusercontent.com/QHsvN6D0gJewHA6273IcQ5PhBcsJVLIOzWhJEJRfccxFd13_jceQbUks7q8XDuj1TMs=w526-h296-rw",
    "https://play-lh.googleusercontent.com/C8Q-BnP3lPBAKV-F5Kr64ZA6iBQPlQs45-mBkNBLRdEEQvn8qeK18lXplTJ5D8FKRg=w526-h296-rw",
    "https://play-lh.googleusercontent.com/11kQOndyAIQwhtHu5NJwOyR4L-i4XL6H6KPIrz2dt2-XwUQtZa_DLz6vDjCrrqXb2Co=w526-h296-rw",
    "https://play-lh.googleusercontent.com/-bX90ZwQCqFIYQhWrKVv-IjM8mKhFhJA1NmpwSldintmm7M28Zdoe3k5dZBr7G9UzAu5=w526-h296-rw",
    "https://play-lh.googleusercontent.com/CgTUkZiQJFlZgHibsBA92b5m6YUsWporNYcPyXDo7mxoFVDlg8_qLhctzzbYT-FUZqI=w526-h296-rw"
  ],
  "title": "Rememento - White Shadow",
  "icon": "https://play-lh.googleusercontent.com/iHapLhZxjQuI8tCcCt4SMAiloXkjlKSGINGDRVMlgBlY6wC3c9oTDG9zrP7kZayMtA=w240-h480-rw",
  "subTitle": "Rollenspiele/Rundenbasiertes Rollenspiel",
  "desc": "Version 1.4.0 Globales Update [Cadella erhebt sich erneut in Versen]!<br>Neue Mnemonics \"Ivy\" & \"Machina\" treten der Schlacht bei!<br>Einfacher Einstieg, tiefgründige Strategie!<br>Tauche jetzt ein in das taktische, rundenbasierte RPG-Erlebnis von Rememento!<br>Epische Geschichte voller Magie<br>Ein Fluch der Hexen bedroht die Welt –<br>Werde die letzte Hoffnung im uralten Chaos!<br>Strategisches, rundenbasiertes Kampfsystem<br>Spannende MP-Mechaniken & intuitive Steuerung –<br>Erlebe intensive Gefechte mit Leichtigkeit!<br>Stylishe 3D-Animationen & Zwischensequenzen<br>Spektakuläre Cutscenes und beeindruckende Grafik<br>powered by Unreal Engine!<br>Endloser PvP-Wettkampf<br>Tritt gegen Spieler aus aller Welt an Nutze deine beste Taktik in der neuen Saison!<br>Rememento – Der weiße Schatten<br>Verändere dein Schicksal im göttlichen Gedächtnis.<br>Lade jetzt herunter und starte dein Abenteuer!"
}