{
  "images": [
    "https://play-lh.googleusercontent.com/jMrJl80sCp00FaiPRAJ5RMMe4l-r_Ag3Gj8rdja_QhetxleHx0Ggtvfl_bYV5XLnBlE=w526-h296-rw",
    "https://play-lh.googleusercontent.com/3UZ7vmV1EsyFs7C4TdhsV6aP9EJF7sSVTPgvAonOv5ios3rCBZXcfmRZJSbLLMSvvhc=w526-h296-rw",
    "https://play-lh.googleusercontent.com/JKVbuDGVA6H2-FP2LkiFLVej2cP4AdLLpoC84qxaFDylkILfwD0PJz_1BzpWWtG2KQ=w526-h296-rw",
    "https://play-lh.googleusercontent.com/ZlCvXJf17i8XHzRLg6wtW2KKfE9-Iig4_6jSYMH109_kfTeJsCUbY9YEcZK3IrwZEII=w526-h296-rw",
    "https://play-lh.googleusercontent.com/J5YVz1B17-3Seh2RnjO6igL6x7CDYVWSGq4Vlbt8XQHcrjFAW5a5ksVrp9PUumzFQA=w526-h296-rw"
  ],
  "title": "Brawl Stars",
  "icon": "https://play-lh.googleusercontent.com/vJkYN1DjWBfyvycAH4AipXaiqJ9i6Ug01zU-qhyFNLrhsMTElDzLNTJ_KBd4g9IKYYc=w240-h480-rw",
  "subTitle": "Action/Shooter/Taktik-Shooter",
  "desc": "Brawl Stars ist ein kostenlos spielbares Mobile Multiplayer Online Battle Arena (MOBA) und Hero Shooter-Spiel, entwickelt von Supercell.<br>Seit der globalen Veröffentlichung am 12. Dezember 2018 bietet das Spiel schnelle 3v3- und Battle-Royale-artige Matches, die es zu einem herausragenden Titel im mobilen Gaming machen.<br><br>In Brawl Stars treten Spieler in verschiedenen Spielmodi an, die jeweils eigene Ziele und Strategien bieten.<br>Das Spiel verfügt über eine vielfältige Riege von „Brawlern“, jeder ausgestattet mit einzigartigen Fähigkeiten und Spielstilen.<br>Spieler können Brawler über das Starr Road-System freischalten und verbessern, das die vorherige Box-basierte Methode ersetzt.<br><br>Spielmodi<br>· Gem Grab (3v3): Teams sammeln und halten 10 Edelsteine, während sie versuchen, das gegnerische Team daran zu hindern.<br>· Showdown: Ein Battle-Royale-Modus, in dem Spieler solo, zu zweit oder zu dritt kämpfen, um als Letzter zu überleben.<br>· Brawl Ball: Ein von Fußball inspizierter Modus, bei dem Teams Tore gegen das gegnerische Team erzielen.<br>· Heist: Teams versuchen, den Safe des Gegners zu knacken und gleichzeitig ihren eigenen zu verteidigen.<br>· Bounty: Teams sammeln Sterne, indem sie Gegner eliminieren; das Team mit den meisten Sternen gewinnt.<br>· Hot Zone: Teams kämpfen um die Kontrolle bestimmter Bereiche auf der Karte, um Punkte zu erzielen.<br>· Knockout: Teams treten in einer Reihe von Runden gegeneinander an; das erste Team, das zwei Runden gewinnt, siegt.<br><br>Jeder Brawler verfügt über ein einzigartiges Set an Fähigkeiten, einschließlich Super-Attacke, Star Powers, Gadgets und Gears.<br>Der strategische Einsatz dieser Fähigkeiten, zusammen mit Teamzusammenstellung und Kartenkenntnis, ist entscheidend für den Sieg.<br>Das Spiel legt den Fokus auf kurze, actionreiche Matches, die in der Regel unter drei Minuten dauern, wodurch es sowohl für kurze als auch für längere Spielsitzungen geeignet ist.<br><br>Brawl Stars verfügt über eine lebendige globale Community und eine blühende Esports-Szene.<br>Das Spiel wurde in zahlreichen Turnieren und Events präsentiert und zeigt hochklassiges kompetitives Gameplay.<br>Regelmäßige Updates und saisonale Inhalte halten die Community engagiert, mit neuen Brawlern, Skins und Spielmodi, die periodisch eingeführt werden."
}