{
  "images": [
    "https://play-lh.googleusercontent.com/S_EXb-tMzXQU98Q6eov7s7ITRXhqRVtjEK65Vb0lHy7V7V2RsDqWOVcTUr28wGkAB1PnASPj9J1kJTOWVmLQCA=w526-h296-rw",
    "https://play-lh.googleusercontent.com/jcKdwDMU3KUqLMdlMQJbNjstKk2pJlHd8nsLkvn0DGRlCzYzWzTCdlpG39bU4QPmiA=w526-h296-rw",
    "https://play-lh.googleusercontent.com/fSTuvLXdbMttUQWi2rNpuzhNCHb6oZksVh72Uqh4NnuuNnGDV4U_EdNcvIocXRbBAa11=w526-h296-rw",
    "https://play-lh.googleusercontent.com/x21sYrESJF85v71_M6KW1LKtjhMRrUS9j8RScnLgObazqW3hlpR_DrqRsD9oOWNXtds=w526-h296-rw",
    "https://play-lh.googleusercontent.com/Tqb-zDjUtGDXrRD3sqLvhWfY4rlxX7meKLBv0p1IcF0YUpjxmp9dJzxAhAdoNLKJZGk=w526-h296-rw"
  ],
  "title": "Harry Potter: Magic Awakened™",
  "icon": "https://play-lh.googleusercontent.com/MKRbux8_XbT77BJKnWm4hFEx7DS0Aiq1spHE_E4D6MVt-4YSsC_kRAhdGl3BN-gnj0doNpZfWvU0AwJPmqFiXg=w240-h480-rw",
  "subTitle": "Rollenspiele/Action-Strategie/Casual",
  "desc": "Das magische Abenteuer erwartet dich. Meistere die Magie!<br>Beginne dein Abenteuer als neuer Schüler an der Hogwarts-Schule für Hexerei und Zauberei und tauche mit neuen Freunden in eine brandneue Geschichte ein.<br>Dein Zulassungsbescheid wurde bereits per Eule verschickt. Willkommen in Hogwarts!<br>〓ERKUNDE DIE ZAUBERWELT〓<br>Erlebe unvergleichlichen Zauber in europäischer Märchenästhetik. Schlendere durch die Winkelgasse und bestaune die magischen Läden; fliege auf deinem Besen durch Hogwarts oder wage dich tief in den Verbotenen Wald, um die Geheimnisse der Einhörner und Zentauren zu lüften ... Hier werden all deine Träume wahr!<br>〓NIMM AN ZAUBERKLASSEN TEIL〓<br>Meistere den Schwebezauber, stelle dich einem Irrwicht, schau in eine Kristallkugel, um dein Schicksal zu entdecken ... Schließe dich mit deinen Klassenkameraden zusammen, um alle Herausforderungen auf deinem Weg zu einem großen Zauberer zu meistern!<br> 〓ZAUBER WIRKEN〓<br>„Expelliarmus!“ „Stupor!“ Nimm an atemberaubenden Duellen im Duellierclub teil. Baue dein Deck mit mächtiger Magie und dem Echo bekannter Gesichter. Wirke und weiche Zaubern mit Strategie und Taktik aus. Der Sieg liegt in deiner Hand!<br>〓GENIESSE DEIN ZAUBERERLEBEN〓<br>Fasse deinen Mut zusammen und lade eine besondere Person zum Tanz ein oder gründe mit deinen Freunden ein Hausteam ... Lebe dein magisches Leben auf deine Weise in der offenen Zauberwelt.<br>〓ERLEBE KLASSISCHE MOMENTE WIEDER〓<br>Erwecke Geschichte mit dem Buch ohne Namen, das tief im Sperrgebiet der Bibliothek versteckt ist, zum Leben. Verteidige den Stein der Weisen, benutze den Patronuszauber, um Sirius Black zu retten, und kämpfe dich wie Harry Potter aus dem Trimagischen Labyrinth ... Dieses Mal schreibst du dein eigenes Abenteuer.<br> 〓ABENTEUER IN KINOGESCHICHTEN〓<br>Jahre sind seit dem Tod des Dunklen Lords vergangen, doch etwas Unheilvolles bedroht den Frieden. Was wird aus Hogwarts, und wer wird die Wahrheit aufdecken, indem er die dunklen Künste bekämpft?"
}