{
  "images": [
    "https://play-lh.googleusercontent.com/9v2PfECSLMY7_FEUHG2US3unDGCl2b2_th-7tkQnnK0yFDDo43VVBevGy5mgZ6lrTa5s=w526-h296-rw",
    "https://play-lh.googleusercontent.com/ohF1ht6lXKY4ybjXlMrt2IjCdKBpgl1NUA6ftvNemA2iGxT0SP8HEZDseeYC5Q420Q=w526-h296-rw",
    "https://play-lh.googleusercontent.com/8Dnnwo9o932gZBRxVQOSPvG_k4qy1V6uhrDvT_w2krStdxXzKhumCV17J5jjCY1ApU4=w526-h296-rw",
    "https://play-lh.googleusercontent.com/-NL3eTKtTNbtRUzihyuyDvNUFbe9dbQpnIYvKdZvI9_L8F6zSl5xxaUBl_fqzn3j2g=w526-h296-rw",
    "https://play-lh.googleusercontent.com/YKtyqHghG0OFgSLAWuHkEegWFv-fLb3mnWN6TESS3Iy2u99BzwkIIavKDwz79Mhuid4=w526-h296-rw"
  ],
  "title": "Arknights",
  "icon": "https://play-lh.googleusercontent.com/D4DUUFQDCsH9NIEa8hjMjQSWdtNhGX1Fd_jT-23ogAb5uMMqttqQDUJcUt4K_u8RYOQ=w240-h480-rw",
  "subTitle": "Strategie/Tower Defense",
  "desc": "Schlüpfe in die Rolle eines Schlüsselmitglieds von Rhodes Island, einem Pharmaunternehmen, das sowohl eine tödliche Infektion als auch die damit verbundenen Unruhen bekämpft. Gemeinsam mit deiner Anführerin Amiya rekrutierst du Operatoren, bildest sie aus und setzt sie dann in verschiedenen Missionen ein, um Unschuldige zu schützen und denen entgegenzutreten, die die Welt in Aufruhr versetzen wollen.<br>Deine Taktik wird die Zukunft von Rhodes Island bestimmen. Kämpfe für die Morgenröte!<br>・Ein großartiges Spiel im Anime-Stil mit einer perfekten Kombination aus Rollenspiel- und Strategieelementen<br>・Hunderte einzigartige Operatoren verschiedener Klassen eröffnen unzählige Spieloptionen<br>・Das automatische Einsatzsystem gibt dir bequem freie Hand<br>・Schaffe dir mit dem Basisbausystem ein Zuhause ganz nach deinen Wünschen<br>・Ein kraftvoller Soundtrack und einige der berühmtesten japanischen Synchronsprecher sorgen für ein unvergessliches Hörerlebnis.<br>Berechtigung: WRITE_EXTERNAL_STORAGE und READ_EXTERNAL_STORAGE.<br>Dadurch kann der Benutzer ein Hotfix-Paket sofort herunterladen, sobald es verfügbar ist. Die Privatsphäre der Nutzer wird dadurch nicht beeinträchtigt.<br>Mindestkonfiguration für Android-Geräte: 2 GB RAM, 2 GB freier Speicherplatz.<br>Offizielle Arknights-Homepage:<br>https://www.arknights.global/<br>Offizieller Discord-Server:<br>https://discord.gg/arknights<br>Offizieller X-Account:<br>https://x.com/ArknightsEN<br>Offizielle Facebook-Seite:<br>https://www.facebook.com/ArknightsGlobal/<br>Offizielles Instagram:<br>https://www.instagram.com/arknights_messenger_official/"
}