{
  "images": [
    "https://play-lh.googleusercontent.com/ozPdGXXZdOTy89wcLRV6MD3TLbGVuwZlj5qd5t8TvyEcz3O3xFtyXwmzxMKSqlPC3T4=w526-h296-rw",
    "https://play-lh.googleusercontent.com/ECfwLx3aFKTxD46f7JR_DEZNEEb2bQC44HXigJGRcga5yT9YZJtT6mG9BaQ1uTFh4JCX=w526-h296-rw",
    "https://play-lh.googleusercontent.com/NKLGjS_OoDmfTS0-Fm1x4a4vcNeILROId_gfgW9xS1P1iEB_NKSY3HsB6TbSq_wRxQ=w526-h296-rw",
    "https://play-lh.googleusercontent.com/ma6O4M2MUg2N_cRAxcLx6_99zdPScp_lF5vA9ujSkmzm23DPqm-ZOI7bRHNH8RdBq_o=w526-h296-rw",
    "https://play-lh.googleusercontent.com/n2aD-0vqglY3xxdgsYmDPiK84rVfsImg7lDd7djhiDB_SE1N7rwdl-NzlWAyFylzdA=w526-h296-rw"
  ],
  "title": "Persona5: The Phantom X",
  "icon": "https://play-lh.googleusercontent.com/uhf0JJTjPDIddePmWRxLsyECg2YtMpHlv6xD_td9kCn_iy4lWSmzpKnabCOk-iAvSQ=w240-h480-rw",
  "subTitle": "Rollenspiele/Rundenbasiertes Rollenspiel",
  "desc": "TGS 2024 Japan Game Awards: Gewinner der Kategorie „Zukunftsspiele“!<br>Nach der hochgelobten Persona-Reihe, die sich weltweit über 23,5 Millionen Mal verkauft hat, erscheint Persona 5: The Phantom X!<br>■Da, um dein verdrehtes Herz zu stehlen<br>Tagsüber Student, nachts Phantomdieb: Entlarve die korrupten Bonzen der realen Welt, indem du ihre verzerrten Wünsche aus den Schatten des Metaversums greifst. Mit einer fesselnden Handlung, einzigartigen Charakteren und spannendem Gameplay erwartet dich in diesem neuen Abenteuer alles, was du aus der Persona-Reihe kennst und liebst!<br>■Story<br>Nach dem Erwachen aus einem Albtraum wird der Protagonist in eine veränderte Welt ohne Hoffnung gestoßen … Und die neuen Gesichter, denen er begegnet, sind nicht weniger seltsam: eine eloquente Eule namens Lufel, ein langnasiger Mann und eine Schönheit in Blau.<br> Während er durch die geheimnisvollen Reiche des Metaversums und des Velvet Room navigiert und sich mit verheerenden Visionen auseinandersetzt, die seinen Alltag bedrohen, muss er herausfinden, was diese neue Welt zu bieten hat – und das alles im wahren Phantom Thief-Stil.<br>■Offizielle Website<br>https://persona5x.com<br>■Offizieller X-Account<br>https://www.x.com/P5XOfficialWest<br>■Offizieller Facebook-Account<br>https://www.facebook.com/P5XOfficialWest<br>■Offizieller Instagram-Account<br>https://www.instagram.com/P5XOfficialWest<br>■Offizieller Discord<br>https://discord.gg/sCjMhC2Ttu"
}