{
  "images": [
    "https://play-lh.googleusercontent.com/amaaP4VpJyXLz7NUohG5zXxPCP5CPMVLIReM6DDF1io2NFKNZsTnmQapIXQRS59VFoYl=w526-h296-rw",
    "https://play-lh.googleusercontent.com/ndSmPLfAmVS0IEnDK48fPYaC-_wTrxyKmEhTYiY6QGHl2BkOXKR5ivTUA2vgteAUMA=w526-h296-rw",
    "https://play-lh.googleusercontent.com/2Qa54GDeu-fAWCGScoYd94KRJnCE01-fEE9U4bugu1Vm3jzWzau5H_aYuQo43B1sWA=w526-h296-rw",
    "https://play-lh.googleusercontent.com/UQ1D5cSjY0A0rDlPx20i1C0OJqLBYkqMwpccb6PhFVRbduh4vaDLCUYO8a9jm_-LZF8=w526-h296-rw",
    "https://play-lh.googleusercontent.com/AtVkcvZSf1MTm19nz72VNTuTZQexN6HsWU55nvc8Gpoa7ZGRjOlkeLIpsKellf6RP4E=w526-h296-rw"
  ],
  "title": "ブルーアーカイブ",
  "icon": "https://play-lh.googleusercontent.com/g8Pdqd0jxo14ZKobgelauvnIc3WvBjYVm_WQRFyS3JBZiZmADCHHojqhueyg_lxyNXDY=w240-h480-rw",
  "subTitle": "Rollenspiele/Action-Strategie",
  "desc": ""
}