{
  "images": [
    "https://play-lh.googleusercontent.com/XDGWQFIS9xO8PcfMir55j59DQGvbHrl4TzNM6VFNU_QX3EVKwMYxC3nRCtXP0LFm2_FEqpszfTpiTEdEiASpumE=w526-h296-rw",
    "https://play-lh.googleusercontent.com/nw2ZtZkUoDtJvhn4dXvDuk9UUlpXXTo1UkZIFeXXu7ALyKr_dSg70WB97_IhUh9c3rM=w526-h296-rw",
    "https://play-lh.googleusercontent.com/cyicKS5sbooY1UUjA4PTnUmdC9kKk6cDPNA7m4YvXE6rEHFMTftz3N1wF4Vc2HAlIE8=w526-h296-rw",
    "https://play-lh.googleusercontent.com/vQ9dpuuXeV1uLTFIn1n28ZiQ_4nTk-odJNkl1gqObljOEEQ20gad0zWhVxiQW7uJJA=w526-h296-rw",
    "https://play-lh.googleusercontent.com/f5YMRbnZmuUwLQwgIuydmxMQMu4VZIiCseUHXXHhAoEE2Liz5Uds-krem793ZmQCFg=w526-h296-rw"
  ],
  "title": "Yu-Gi-Oh! Master Duel",
  "icon": "https://play-lh.googleusercontent.com/YBn31cxzK0cpRLEUdX3XAzsNH3XjSxCZKWxPNXiLSVKfkxNKWvPbiCCJOVf_tXH78cw1quodHLBTDnJlcUFwbpo=w240-h480-rw",
  "subTitle": "Karten/Card-Battler",
  "desc": "Endlich, das \"Yu-Gi-Oh!\" digitale Kartenspiel, auf das wir alle gewartet haben!<br>Diese ultimative Edition des kompetitiven Kartenspiels hat sich über die letzten 25 Jahren stetig weiter entwickelt!<br>Duelliere dich auf höchstem Niveau gegen Duellanten aus der ganzen Welt.<br>Mach dich bereit: Es ist Zeit für ein Duell!<br>------------------------------------------------------------------------------------------<br>[Über \"Yu-Gi-Oh! MASTER DUEL\"]<br>Jetzt kannst du das \"Yu-Gi-Oh! TCG\" digital überall spielen!<br>Rasante Duelle mit atemberaubender HD-Grafik und einem neuen, dynamischen Soundtrack! Mach dich bereit, Duellanten auf der ganzen Welt herauszufordern!<br>◇Spiele Duelle auf jedem Level!<br>Diese neue Yu-Gi-Oh! Erfahrung ist für jeden und auf jeder Fähigkeitsstufe verfügbar. Mach dir keine Sorgen, solltest du ein Einsteiger sein oder dich schon länger nicht mehr duelliert haben, die Tutorials im Spiel werden dir die Grundlagen des Yu-Gi-Oh! TRADING CARD GAME nochmal erklären. Im Anschluss erhältst du ein Deck, das deinen Einstieg erleichtert!<br>Sammle im Laufe des Spiels neue Karten, um deine Decks zu verstärken!<br>◇ Rotierende Turnierformate<br>Mische gut durch und stelle deine Duellfähigkeiten auf die Probe! Den Spielern wird eine Vielzahl von Events und Turnieren geboten.<br>Baue und duelliere dich mit verschiedenen Decks mit über 10.000 einzigartigen Karten und speziellen Regeln, die nur für Turniere gelten!<br>Wähle das Turnier, in dem DU dich duellieren möchten, und strebe den ersten Platz an!<br>◇Entdecke die Geschichten hinter den Karten<br>Der Solo-Modus führt durch die Handlungsstränge der Themen aus dem Yu-Gi-Oh! TCG. Verbessere deine Duellfähigkeiten, indem du die Geschichten vervollständigst.<br>Empfohlen für Einsteiger, wiederkehrende Spieler und diejenigen unter euch, die mehr über die Welt der Yu-Gi-Oh! TCG erfahren wollen.<br>◇Features<br>Verlinke dich mit der mobilen \"Yu-Gi-Oh! Neuron“ App.<br>Sieh dir Decklisten von Duellanten weltweit an und verbessere dein eigenes Deck!<br>Probiere das Sample Draw Feature aus, um zu simulieren, welche Karten du auf die Hand ziehen könntest!<br>[Über \"Yu-Gi-Oh!\"]<br>\"Yu-Gi-Oh!\" ist ein beliebtes Manga von Kazuki Takahashi, das seit 1996 in SHUEISHA Inc.s \"WEEKLY SHONEN JUMP\" veröffentlicht wird. Konami Digital Entertainment Co., Ltd. bietet ein Trading Card Game (TCG) und Konsolenspiele basierend auf \"Yu- Gi-Oh!\", erstellt aus dem Original-Manga, das auf der ganzen Welt beliebt ist.<br>[Empfohlen für folgenden Spieler]<br>TCG-Spieler<br>Yu-Gi-Oh! DUEL LINKS-Spieler<br>Spieler, die nach dem perfekten online Sammelkartenspiel suchen<br>Spieler, die kompetitives Gameplay mögen<br>------------------------------------------------------------------------------------------<br>Dieses Spiel enthält In-Game-Käufe von virtuellen Währungen, die zum zufälligen Gewinnen von In-Game-Items verwendet werden.<br>=====<br>[Systemanforderungen]<br>Unterstützte Betriebssystemversionen: Android 7.0 und höher<br>Unterstützte Geräte: Geräte mit 4 GB RAM<br>Bitte beachte: Selbst wenn dein Gerät die erforderlichen Systemspezifikationen aufweist, um die Anwendung auszuführen, kann es sein, dass sie aufgrund externer Faktoren wie verfügbarer Speicherplatz, Konflikte mit anderen Anwendungen oder Hardware-Einschränkungen nicht korrekt ausgeführt wird."
}