{
  "images": [
    "https://play-lh.googleusercontent.com/rah5QBslovPU5LOyUKDXlb9QutIE9p5KEDM3ich533GzEGadLPGiSeYIEcE40Gj91D0=w526-h296-rw",
    "https://play-lh.googleusercontent.com/O-4dj3C_L_rxpwIJYQMD7Xs6rW8ICdZ20Y92Gud_LlbuWKQYWwd8T9pxDXkivGbMTvI=w526-h296-rw",
    "https://play-lh.googleusercontent.com/sQQx0pILiWN53MywEYCwe7gqzxFKZtnyQ-IujSB7nVIRiqL3q7fho8ta-5OOxe3Y53Ax=w526-h296-rw",
    "https://play-lh.googleusercontent.com/bZZJB1R7iekxKWvUFnUWlGN5976eKwLxzzk3wfNi_bTFw_A4NxwVAutZ7C6ngZoOuxMB=w526-h296-rw",
    "https://play-lh.googleusercontent.com/awe55xE1KILNevBZA2pnPa9B_dZvbGr00PhMIjHjWOpWsMR_FC5KoyPalS7cc7GEfpw=w526-h296-rw"
  ],
  "title": "Pokémon TCG Pocket",
  "icon": "https://play-lh.googleusercontent.com/CMYCz0j2Dowf_VUybvX00u5TGGkAJp2pGMrYxJcp85L91kou9fGICYcWnb8Pyr1xcQ=w240-h480-rw",
  "subTitle": "Karten/Card-Battler/Casual",
  "desc": "Pokémon Trading Card Game Pocket ist eine mobile Adaption des beliebten Pokémon TCG, die sowohl für Neueinsteiger als auch erfahrene Sammler ein vereinfachtes und zugängliches Erlebnis bietet.<br>Das Spiel wurde von Creatures Inc. und DeNA entwickelt und von The Pokémon Company veröffentlicht. Der offizielle Release erfolgte am 30. Oktober 2024 für iOS- und Android-Geräte.<br><br>Entwickelt für mobiles Spielen, vereinfacht Pokémon TCG Pocket die traditionellen TCG-Mechaniken, um schnelle und fesselnde Matches zu ermöglichen. Spieler bauen 20-Karten-Decks, wobei auf Energie-Karten verzichtet wird, da jede Runde automatisch Energie bereitgestellt wird. Um zu gewinnen, muss ein Spieler drei Pokémon des Gegners besiegen, anstelle der üblichen sechs in Standard-TCG-Spielen.<br><br>Das Spiel bietet tägliche Belohnungen, darunter zwei kostenlose Booster-Packs, die es Spielern ermöglichen, ihre Kartensammlung allmählich auszubauen. Zudem können Spieler mit der Wonder Pick-Funktion Karten aus Booster-Packs auswählen, die von anderen geöffnet wurden, was den sozialen und sammlerischen Aspekt des Spiels verstärkt.<br><br>Pokémon TCG Pocket führt regelmäßig neue Inhalte über thematische Erweiterungen und In-Game-Events ein. Bedeutende Erweiterungen sind:<br>· Genetic Apex – mit ikonischen Pokémon wie Glurak und Mewtu<br>· Mythical Island – mit Celebi EX und weiteren mächtigen Karten<br>· Extradimensional Crisis – brachte Ultra-Bestien ins Spiel und erweiterte die strategische Vielfalt<br><br>Seit dem Release erhielt Pokémon TCG Pocket positive Bewertungen für seine benutzerfreundliche Oberfläche und fesselndes Gameplay.<br>Die Zugänglichkeit macht es zu einem hervorragenden Einstiegspunkt für Neueinsteiger ins Pokémon TCG, während die Tiefe und regelmäßigen Updates auch erfahrene Spieler langfristig binden.<br>Mit über 100 Millionen Downloads und mehr als 500 Millionen US-Dollar Umsatz Anfang 2025 hat das Spiel seinen festen Platz in der mobilen Gaming-Landschaft gesichert."
}