{
  "icon": "https://cloudmoon.tos-ap-southeast-1.volces.com/icon_Baba_Is_You.png",
  "title": "Baba Is You",
  "subTitle": "Puzzle / Indie",
  "desc": "Baba Is You ist ein preisgekröntes Puzzlespiel, in dem du die Regeln, nach denen du spielst, ändern kannst. In jedem Level sind die Regeln selbst als Blöcke vorhanden, mit denen du interagieren kannst; indem du sie manipulierst, kannst du die Funktionsweise des Levels ändern und überraschende und unerwartete Interaktionen hervorrufen! Mit einem einfachen Stoß von Blöcken kannst du dich in einen Felsen verwandeln, Grasflecken in gefährlich heiße Hindernisse verwandeln und sogar das Ziel, das du erreichen musst, in etwas völlig anderes ändern.<br><br>Das Spiel enthält über 200 Levels, die mit den Spielmechaniken auf vielfältige Weise experimentieren und vom Spieler verlangen, die Regeln des Spiels zu verstehen und zu manipulieren und hinterhältige Wege zu finden, wie Objekte in der Spielwelt miteinander interagieren.",
  "images": [
    "https://cloudmoon.tos-ap-southeast-1.volces.com/banner_pc_Baba_Is_You-1.jpg",
    "https://cloudmoon.tos-ap-southeast-1.volces.com/banner_pc_Baba_Is_You-2.jpg",
    "https://cloudmoon.tos-ap-southeast-1.volces.com/banner_pc_Baba_Is_You-3.jpg"
  ]
}