{
  "icon": "https://cloudmoon-1305370474.cos.ap-singapore.myqcloud.com/cloudgame-icon/icon_Terraria.png",
  "title": "Terraria",
  "subTitle": "Sandbox / Survival",
  "desc": "Graben, Kämpfen, Erkunden, Bauen! In dem Action-Adventure Spiel Terraria ist nichts unmöglich. Die Welt ist Ihre Leinwand, die Erde Ihre Farbe.\nSchnappen Sie sich Ihre Ausrüstung und bauen Sie Waffen zur Bekämpfung verschiedenster Monster. Schaufeln Sie tief, um auch die letzten Bodenschätze zu beanspruchen und Ausrüstungsgegenstände, Geld und andere nützliche Dinge zu finden. Kreieren Sie mit den von Ihnen gesammelten Ressourcen Ihre eigene Welt. Errichten Sie Häuser, Burgen oder ganze Schlösser und schon bald beherbergen Sie Besucher, die Ihnen nützliche Güter verkaufen.\nDoch Vorsicht, die Welt von Terraria hat einige Überraschungen für Sie parat... Sind Sie der Aufgabe gewachsen?",
  "images": [
    "https://cloudmoon-1305370474.cos.ap-singapore.myqcloud.com/cloudgame-icon/banner_pc_Terraria-1.jpg",
    "https://cloudmoon-1305370474.cos.ap-singapore.myqcloud.com/cloudgame-icon/banner_pc_Terraria-2.jpg",
    "https://cloudmoon-1305370474.cos.ap-singapore.myqcloud.com/cloudgame-icon/banner_pc_Terraria-3.jpg"
  ]
}