{
  "icon": "https://cloudmoon.tos-ap-southeast-1.volces.com/icon_Balatro.png",
  "title": "Balatro",
  "subTitle": "Card Game / Roguelike Deckbuilder",
  "desc": "Balatro ist ein Poker-inspiriertes Roguelike-Deck-Building, das sich auf das Erstellen mächtiger Synergien und das Gewinnen von großen Beträgen konzentriert.<br><br>Kombiniere gültige Pokerhände mit einzigartigen Joker-Karten, um Synergien und verschiedene Builds zu erstellen. Verdiene genug Chips, um die hinterhältigen Blinds zu schlagen, während du versteckte Bonushände und Decks entdeckst, während du voranschreitest. Du wirst jeden Vorteil brauchen, den du bekommen kannst, um den Boss-Blind zu erreichen, den letzten Einsatz zu schlagen und den Sieg zu sichern.",
  "images": [
    "https://cloudmoon.tos-ap-southeast-1.volces.com/banner_pc_Balatro-1.jpg",
    "https://cloudmoon.tos-ap-southeast-1.volces.com/banner_pc_Balatro-2.jpg",
    "https://cloudmoon.tos-ap-southeast-1.volces.com/banner_pc_Balatro-3.jpg"
  ]
}