{
  "icon": "https://cloudmoon.tos-ap-southeast-1.volces.com/icon_Outer_Wilds.png",
  "title": "Outer Wilds",
  "subTitle": "Exploration / Space",
  "desc": "Outer Wilds, Gewinner des „Best Game“ Awards bei den BAFTA Games Awards 2020 und zum „Game of the Year 2019“ von Giant Bomb, Polygon, Eurogamer und The Guardian gekürt, ist ein von der Kritik gefeiertes, preisgekröntes Open-World-Mysterium über ein Sonnensystem, das in einer endlosen Zeitschleife gefangen ist.<br><br>Willkommen bei der Weltraumprogramm!<br>Du bist der neueste Rekrut der Outer Wilds Ventures, einem aufstrebenden Weltraumprogramm, das nach Antworten in einem seltsamen, sich ständig verändernden Sonnensystem sucht.<br><br>Geheimnisse des Sonnensystems...<br>Was lauert im Herzen des unheimlichen Dark Bramble? Wer hat die außerirdischen Ruinen auf dem Mond gebaut? Kann die endlose Zeitschleife gestoppt werden? Die Antworten erwarten dich in den gefährlichsten Zonen des Weltraums.",
  "images": [
    "https://cloudmoon.tos-ap-southeast-1.volces.com/banner_pc_Outer_Wilds-1.jpg",
    "https://cloudmoon.tos-ap-southeast-1.volces.com/banner_pc_Outer_Wilds-2.jpg",
    "https://cloudmoon.tos-ap-southeast-1.volces.com/banner_pc_Outer_Wilds-3.jpg"
  ]
}