{
  "icon": "https://cloudmoon.tos-ap-southeast-1.volces.com/icon_Minecraft.png",
  "title": "Minecraft",
  "subTitle": "Simulation / Sandbox",
  "desc": "Tauche ein in eine dramatische und doch bezaubernde und witzige Welt des Bauens, Erschaffens und Überlebens im besten Sandbox-Builder. Sammle Ressourcen, überlebe die Nacht und baue alles, was du dir vorstellen kannst, Block für Block. Erkunde und gestalte deinen Weg durch eine vollständig offene Welt, baue eine Stadt aus Blöcken, starte eine Farm, grabe tief in den Boden, stelle dich mysteriösen Feinden oder experimentiere einfach mit den Grenzen deiner Vorstellungskraft!<br><br>Die Möglichkeiten sind endlos. Erstelle und beginne von Grund auf zu bauen. Baue und erweitere im Kreativmodus, wo du aus unbegrenzten Ressourcen erschaffen kannst. Überlebe die Nacht, nimm an intensiven Kämpfen teil, stelle Werkzeuge her und wehre Gefahren im Überlebensmodus ab. Du kannst alleine losziehen und eine endlose, zufällig generierte Welt voller Blöcke zum Abbauen, Biome zum Erkunden und Mobs zum Anfreunden (oder Bekämpfen) entdecken!<br><br>In Minecraft gehört die Welt dir, um sie zu formen!",
  "images": [
    "https://cloudmoon.tos-ap-southeast-1.volces.com/banner_pc_Minecraft-1.jpg",
    "https://cloudmoon.tos-ap-southeast-1.volces.com/banner_pc_Minecraft-2.jpg",
    "https://cloudmoon.tos-ap-southeast-1.volces.com/banner_pc_Minecraft-3.jpg"
  ]
}