{
  "icon": "https://cloudmoon.tos-ap-southeast-1.volces.com/icon_Sid_Meiers_Civilization_VI.png",
  "title": "Sid Meier's Civilization VI",
  "subTitle": "Strategy / Turn-Based Strategy",
  "desc": "Civilization VI bietet neue Wege, mit deiner Welt zu interagieren: Städte dehnen sich nun physisch auf der Karte aus, aktive Forschung in Technologie und Kultur schaltet neues Potenzial frei und konkurrierende Anführer verfolgen ihre eigenen Agenden basierend auf ihren historischen Merkmalen, während du um einen von fünf Wegen zum Sieg im Spiel kämpfst.",
  "images": [
    "https://cloudmoon.tos-ap-southeast-1.volces.com/banner_pc_Sid_Meier_s_Civilization_VI-1.jpg",
    "https://cloudmoon.tos-ap-southeast-1.volces.com/banner_pc_Sid_Meier_s_Civilization_VI-2.jpg",
    "https://cloudmoon.tos-ap-southeast-1.volces.com/banner_pc_Sid_Meier_s_Civilization_VI-3.jpg"
  ]
}