{
  "icon": "https://cloudmoon.tos-ap-southeast-1.volces.com/icon_GRIS.png",
  "title": "GRIS",
  "subTitle": "Beautiful / Atmospheric",
  "desc": "Gris ist ein junges, hoffnungsvolles Mädchen, das in ihrer eigenen Welt verloren ist und eine schmerzhafte Erfahrung in ihrem Leben verarbeitet. Ihre Reise durch die Trauer manifestiert sich in ihrem Kleid, das ihr neue Fähigkeiten verleiht, um ihre verblassende Realität besser zu navigieren. Während sich die Geschichte entfaltet, wird Gris emotional wachsen und ihre Welt anders sehen, wodurch neue Pfade zum Erkunden mit ihren neuen Fähigkeiten freigeschaltet werden.<br><br>GRIS ist eine heitere und eindringliche Erfahrung, ohne Gefahr, Frustration oder Tod. Spieler werden eine akribisch gestaltete Welt erkunden, die durch zarte Kunst, detaillierte Animationen und einen eleganten Original-Soundtrack zum Leben erweckt wird. Während des Spiels werden leichte Rätsel, Plattformer-Sequenzen und optionale Geschicklichkeitsherausforderungen enthüllt, wenn immer mehr Teile von Gris' Welt zugänglich werden.<br><br>GRIS ist eine Erfahrung mit fast keinem Text, nur einfachen Steuererinnerungen, die über universelle Symbole illustriert werden. Das Spiel kann von jedem genossen werden, unabhängig von seiner gesprochenen Sprache.",
  "images": [
    "https://cloudmoon.tos-ap-southeast-1.volces.com/banner_pc_GRIS-1.jpg",
    "https://cloudmoon.tos-ap-southeast-1.volces.com/banner_pc_GRIS-2.jpg",
    "https://cloudmoon.tos-ap-southeast-1.volces.com/banner_pc_GRIS-3.jpg"
  ]
}