{
  "icon": "https://cloudmoon.tos-ap-southeast-1.volces.com/icon_Firewatch.png",
  "title": "Firewatch",
  "subTitle": "Adventure / Atmospheric",
  "desc": "Firewatch ist ein Einzelspieler-Mystery-Spiel aus der Ego-Perspektive, das in der Wildnis von Wyoming spielt.<br><br>Das Jahr ist 1989. Du bist ein Mann namens Henry, der sich aus seinem unordentlichen Leben zurückgezogen hat, um als Feuerwächter in der Wildnis von Wyoming zu arbeiten. Auf einem Berg gelegen, ist es deine Aufgabe, nach Rauch Ausschau zu halten und die Wildnis sicher zu halten. Ein besonders heißer, trockener Sommer hat alle in Aufregung versetzt. Deine Vorgesetzte Delilah ist jederzeit über ein kleines tragbares Radio für dich da, dein einziger Kontakt zur Welt, die du hinter dir gelassen hast. Aber wenn etwas Seltsames dich aus deinem Wachturm in den Wald lockt, wirst du eine wilde, unbekannte Umgebung erkunden, Fragen stellen und Entscheidungen treffen, die die einzige bedeutungsvolle Beziehung, die du hast, aufbauen oder zerstören können.",
  "images": [
    "https://cloudmoon.tos-ap-southeast-1.volces.com/banner_pc_Firewatch-1.jpg",
    "https://cloudmoon.tos-ap-southeast-1.volces.com/banner_pc_Firewatch-2.jpg",
    "https://cloudmoon.tos-ap-southeast-1.volces.com/banner_pc_Firewatch-3.jpg"
  ]
}