{
  "icon": "https://cloudmoon.tos-ap-southeast-1.volces.com/icon_DRAGONZ.png",
  "title": "DRAGON BALL FighterZ",
  "subTitle": "Fighting / Anime",
  "desc": "DRAGON BALL FighterZ ist aus dem entstanden, was die DRAGON BALL-Serie so beliebt und berühmt macht: endlose spektakuläre Kämpfe mit seinen allmächtigen Kämpfern.<br><br>In Zusammenarbeit mit Arc System Works maximiert DRAGON BALL FighterZ die hochwertige Anime-Grafik und bietet ein leicht zu erlernendes, aber schwer zu meisterndes Kampf-Gameplay.",
  "images": [
    "https://cloudmoon.tos-ap-southeast-1.volces.com/banner_pc_DRAGON_BALL_FighterZ-1.jpg",
    "https://cloudmoon.tos-ap-southeast-1.volces.com/banner_pc_DRAGON_BALL_FighterZ-2.jpg",
    "https://cloudmoon.tos-ap-southeast-1.volces.com/banner_pc_DRAGON_BALL_FighterZ-3.jpg"
  ]
}