{
  "icon": "https://cloudmoon.tos-ap-southeast-1.volces.com/icon_Undertale.png",
  "title": "Undertale",
  "subTitle": "Great Soundtrack / Story Rich",
  "desc": "Willkommen bei UNDERTALE. In diesem RPG steuerst du einen Menschen, der in die Unterwelt der Monster fällt. Jetzt musst du deinen Weg nach draußen finden... oder für immer gefangen bleiben.",
  "images": [
    "https://cloudmoon.tos-ap-southeast-1.volces.com/banner_pc_Undertale-1.jpg",
    "https://cloudmoon.tos-ap-southeast-1.volces.com/banner_pc_Undertale-2.jpg",
    "https://cloudmoon.tos-ap-southeast-1.volces.com/banner_pc_Undertale-3.jpg"
  ]
}