{
  "icon": "https://cloudmoon.tos-ap-southeast-1.volces.com/icon_Sudoku_Classic_2.png",
  "title": "Sudoku Classic 2",
  "subTitle": "Puzzle",
  "desc": "Anpassbares Sudoku mit dem Gefühl des Schreibens mit einem Stift auf Papier und der Einfachheit des Spielens eines Videospiels.<br>Es ist ein Videospiel, aber du kannst es spielen, als würdest du mit einem Stift auf Papier schreiben.<br>Du kannst die Hilfsfunktionen nach Belieben anpassen.<br><br>● Passe die Hilfsfunktionen an und spiele mit den Einstellungen, die du bevorzugst.<br><br>● Das Spiel kann jederzeit und überall gespielt werden, auch wenn es viel Zeit in Anspruch nimmt.<br><br>● Touch-Steuerungen werden unterstützt.<br>Die Touch-Steuerungen machen es einfach, zwanglos zu spielen.<br><br>● Es gibt insgesamt 300 Probleme in den Schwierigkeitsgraden LEICHT, NORMAL und SCHWER.<br>Es gibt 300 Probleme in drei Schwierigkeitsgraden: Einfach, Normal und Schwer.",
  "images": [
    "https://cloudmoon.tos-ap-southeast-1.volces.com/banner_pc_Sudoku_Classic_2-1.jpg",
    "https://cloudmoon.tos-ap-southeast-1.volces.com/banner_pc_Sudoku_Classic_2-2.jpg",
    "https://cloudmoon.tos-ap-southeast-1.volces.com/banner_pc_Sudoku_Classic_2-3.jpg"
  ]
}