{
  "icon": "https://cloudmoon.tos-ap-southeast-1.volces.com/icon_13_Sentinels_Aegis_Rim.png",
  "title": "13 Sentinels: Aegis Rim",
  "subTitle": "Text Adventure / Combat Simulation",
  "desc": "Vanillaware, die Geschichtenerzähler hinter Odin Sphere und Dragon’s Crown, erschaffen ein episches Science-Fiction-Mysterium, das dreizehn miteinander verflochtene Geschichten umspannt. Entdecke die Wahrheit und tauche in ein 2D-Side-Scrolling-Abenteuer mit wunderschöner Kunst und Umgebungen ein. Kämpfe dann gegen Kaiju in einem rasanten Kampf von oben nach unten. Passe Sentinels mit einem Arsenal an Mecha-Anzug-Waffen an und kämpfe, um die Menschheit zu verteidigen!",
  "images": [
    "https://cloudmoon.tos-ap-southeast-1.volces.com/banner_pc_13_Sentinels-1.png",
    "https://cloudmoon.tos-ap-southeast-1.volces.com/banner_pc_13_Sentinels-2.png",
    "https://cloudmoon.tos-ap-southeast-1.volces.com/banner_pc_13_Sentinels-3.png"
  ]
}