{
  "icon": "https://cloudmoon.tos-ap-southeast-1.volces.com/icon_icon_Into_The_Breach.png",
  "title": "Into The Breach",
  "subTitle": "Turn-Based Strategy / Indie",
  "desc": "Die Überreste der menschlichen Zivilisation sind durch riesige Kreaturen bedroht, die sich unter der Erde vermehren. Du musst mächtige Mechs der Zukunft steuern, um diese außerirdische Bedrohung abzuwehren. Jeder Versuch, die Welt zu retten, stellt eine neue, zufällig generierte Herausforderung in diesem rundenbasierten Strategiespiel der Macher von FTL dar.<br>Hauptmerkmale:<br>Verteidige Städte: Zivilgebäude versorgen deine Mechs mit Strom. Verteidige sie vor den Vek und achte auf dein eigenes Feuer!<br>Perfektioniere deine Strategie: Alle feindlichen Angriffe werden in einem minimalistischen, rundenbasierten Kampf angekündigt. Analysiere den Angriff deines Gegners und finde den perfekten Gegenangriff in jeder Runde.<br>Baue den ultimativen Mech: Finde neue mächtige Waffen und einzigartige Piloten, während du die Vek-Infektion auf den Inseln der Konzernnation bekämpfst.<br>Eine weitere Chance: Scheitern ist keine Option. Wenn du besiegt wirst, schicke Hilfe in der Zeit zurück, um eine andere Zeitlinie zu retten!",
  "images": [
    "https://cloudmoon.tos-ap-southeast-1.volces.com/banner_pc_Into_The_Breach-1.jpg",
    "https://cloudmoon.tos-ap-southeast-1.volces.com/banner_pc_Into_The_Breach-2.jpg",
    "https://cloudmoon.tos-ap-southeast-1.volces.com/banner_pc_Into_The_Breach-3.jpg"
  ]
}