{
  "icon": "https://cloudmoon.tos-ap-southeast-1.volces.com/icon_Valiant_Hearts_The_Great_War.png",
  "title": "Valiant Hearts: The Great War",
  "subTitle": "Atmospheric / historical",
  "desc": "Dies ist eine Geschichte von sich kreuzenden Schicksalen und zerbrochener Liebe in einer zerrissenen Welt.<br>Alle werden versuchen, das Grauen der Schützengräben zu überleben, indem sie ihrem treuen Hundebegleiter folgen.<br>In Valiant Hearts sind die Leben all dieser Charaktere im Laufe des Spiels untrennbar miteinander verbunden. Freundschaft, Liebe, Opfer und Tragödie ereilen jeden von ihnen, während sie sich gegenseitig helfen, ihre Menschlichkeit angesichts der Schrecken des Krieges zu bewahren.",
  "images": [
    "https://cloudmoon.tos-ap-southeast-1.volces.com/banner_pc_Valiant_Hearts-1.jpg",
    "https://cloudmoon.tos-ap-southeast-1.volces.com/banner_pc_Valiant_Hearts-2.jpg",
    "https://cloudmoon.tos-ap-southeast-1.volces.com/banner_pc_Valiant_Hearts-3.jpg"
  ]
}