{
  "icon": "https://cloudmoon.tos-ap-southeast-1.volces.com/icon_Two_Point_Campus.png",
  "title": "Two Point Campus",
  "subTitle": "Management / Simulation",
  "desc": "Baue deinen Campus, auf deine Art und Weise!<br><br>Es ist Zeit, die Akademie zu revolutionieren! Hast du einen Wissensdrang? Oder einfach nur Lust, ein Bildungsmeisterwerk zu bauen? Campus ist voll von neuen kreativen Werkzeugen, die dir helfen, die Universität deiner Träume zu bauen.<br><br>Zum ersten Mal baue im Freien, während du deine herrliche Campus-Umgebung entwickelst, in der die besten Lehreinrichtungen des Landes untergebracht sind. Egal, ob du lieber auf einfachen Fundamenten baust oder jeden einzelnen Baum platzieren möchtest, du kannst die Universität bauen, die du dir wünschst.<br><br>Zeichne Wege mit neuen, einfach zu bedienenden Werkzeugen. Pflanze wunderschöne Sammlungen von Außenflora. Platziere Bänke, Brunnen, Skulpturen, Hecken - sogar Pfahlzäune. Die einzige Grenze ist deine Vorstellungskraft (und dein Spielguthaben).",
  "images": [
    "https://cloudmoon.tos-ap-southeast-1.volces.com/banner_pc_Two_Point_Campus-1.jpg",
    "https://cloudmoon.tos-ap-southeast-1.volces.com/banner_pc_Two_Point_Campus-2.jpg",
    "https://cloudmoon.tos-ap-southeast-1.volces.com/banner_pc_Two_Point_Campus-3.jpg"
  ]
}