{
  "icon": "https://cloudmoon.tos-ap-southeast-1.volces.com/icon_My_Time_At_Portia.png",
  "title": "My Time At Portia",
  "subTitle": "Life Sim / RPG",
  "desc": "Beginne ein neues Leben in der bezaubernden Stadt Portia! Stelle die vernachlässigte Werkstatt deines Vaters zu ihrem früheren Glanz wieder her, indem du Aufträge erfüllst, Feldfrüchte anbaust, Tiere züchtest und dich mit den skurrilen Bewohnern dieses bezaubernden postapokalyptischen Landes anfreundest!<br><br>Ausgerüstet mit dem alten Handbuch und der Werkbank deines Vaters, musst du sammeln, abbauen und herstellen, um zum besten Handwerker von Portia gekrönt zu werden. Hilf den Einheimischen, die Stadt wieder aufzubauen und die Geheimnisse aufzudecken, die tief unter ihr verborgen sind. Sei jedoch vorbereitet... es wird nicht einfach sein!<br><br>Die Stadt Portia ist voll von neuen und freundlichen Gesichtern, die du treffen kannst. Schließe Freundschaften, erledige Anfragen, tausche Geschenke aus, gehe auf ein Date und lasse die Romantik aufblühen!<br><br>Inspiriert von der Magie von Studio Ghibli, entführt dich My Time at Portia in eine Welt voller Wunder, die du nicht vergessen wirst. Wie wirst du deine Zeit in Portia verbringen?",
  "images": [
    "https://cloudmoon.tos-ap-southeast-1.volces.com/banner_pc_My_Time_at_Portia-1.jpg",
    "https://cloudmoon.tos-ap-southeast-1.volces.com/banner_pc_My_Time_at_Portia-2.jpg",
    "https://cloudmoon.tos-ap-southeast-1.volces.com/banner_pc_My_Time_at_Portia-3.jpg"
  ]
}