{
  "icon": "https://cloudmoon.tos-ap-southeast-1.volces.com/icon_Hades.png",
  "title": "Hades",
  "subTitle": "Action Roguelike / Hack and Slash",
  "desc": "Hades ist ein Götter-ähnlicher Roguelike-Dungeon-Crawler, der die besten Aspekte der von der Kritik gefeierten Titel von Supergiant kombiniert, darunter die rasante Action von Bastion, die reiche Atmosphäre und Tiefe von Transistor und die charakterbasierte Erzählung von Pyre.",
  "images": [
    "https://cloudmoon.tos-ap-southeast-1.volces.com/banner_pc_Hades-1.jpg",
    "https://cloudmoon.tos-ap-southeast-1.volces.com/banner_pc_Hades-2.jpg",
    "https://cloudmoon.tos-ap-southeast-1.volces.com/banner_pc_Hades-3.jpg"
  ]
}