{
  "icon": "https://cloudmoon.tos-ap-southeast-1.volces.com/icon_Disco_Elysium_The_Final_Cut.png",
  "title": "Disco Elysium - The Final Cut",
  "subTitle": "RPG / Story Rich",
  "desc": "Disco Elysium - The Final Cut ist die endgültige Ausgabe des bahnbrechenden Rollenspiels. Du bist ein Detektiv mit einem einzigartigen Fähigkeitensystem, das dir zur Verfügung steht, und einem ganzen Stadtviertel, das du durcharbeiten musst. Befrage unvergessliche Charaktere, löse Mordfälle oder nimm Bestechungsgelder an. Werde ein Held oder ein absolutes menschliches Wrack.",
  "images": [
    "https://cloudmoon.tos-ap-southeast-1.volces.com/banner_pc_Disco_Elysium-1.jpg",
    "https://cloudmoon.tos-ap-southeast-1.volces.com/banner_pc_Disco_Elysium-2.jpg",
    "https://cloudmoon.tos-ap-southeast-1.volces.com/banner_pc_Disco_Elysium-3.jpg"
  ]
}