{
  "icon": "https://cloudmoon.tos-ap-southeast-1.volces.com/icon_Dont_Starve_Together.png",
  "title": "Don't Starve Together",
  "subTitle": "Survival / Open World",
  "desc": "Kämpfe, farme, baue und erkunde in der Erweiterung des kompromisslosen Wildnis-Überlebensspiels, Don't Starve.<br><br>Betrete eine seltsame und unerforschte Welt voller bizarrer Kreaturen, versteckter Gefahren und uralter Geheimnisse. Sammle Ressourcen, um Gegenstände herzustellen und Strukturen zu bauen, die zu deinem Überlebensstil passen. Spiele auf deine eigene Art und Weise, während du die Geheimnisse von \"\"The Constant\"\" lüftest.<br><br>Tue alles, was nötig ist, aber vor allem, hungere nicht gemeinsam.",
  "images": [
    "https://cloudmoon.tos-ap-southeast-1.volces.com/banner_pc_Dont_Starve_Together-1.jpg",
    "https://cloudmoon.tos-ap-southeast-1.volces.com/banner_pc_Dont_Starve_Together-2.jpg",
    "https://cloudmoon.tos-ap-southeast-1.volces.com/banner_pc_Dont_Starve_Together-3.jpg"
  ]
}