{
  "icon": "https://cloudmoon.tos-ap-southeast-1.volces.com/icon_The_Great_Ace_Attorney_Chronicles.png",
  "title": "The Great Ace Attorney Chronicles",
  "subTitle": "Visual Novels / Adventure",
  "desc": "Tauche ein in eine dramatische, aber bezaubernde und witzige Welt des Sammelns von Beweisen, der Deduktion und der Gerichtsgefechte mit diesem Doppelpack der Abenteuer des unerfahrenen Anwalts Ryunosuke.<br><br>Jeder Titel spielt im späten 19. Jahrhundert in Japan und England und enthält fünf Episoden von Mordmysterien, gefüllt mit all der Dramatik, dem Lachen, den Wendungen und den 'Umkehrungen', die du vom rechtlich labyrinthartigen Erbe von Ace Attorney erwartest. Schließe dich Ryunosuke Naruhodo an, dem Vorfahren des Serien-Hauptdarstellers Phoenix Wright, während er versucht, die Geheimnisse hinter einer internationalen kriminellen Verschwörung aufzudecken und einen ungelösten, verwirrenden Fall zu lösen, während er sich auf dem Weg einer Reihe von schwierigen Prüfungen stellt. Dutzende von Stunden juristischer Action erwarten dich!",
  "images": [
    "https://cloudmoon.tos-ap-southeast-1.volces.com/banner_pc_The_Great_Ace_Attorney_Chronicles-1.jpg",
    "https://cloudmoon.tos-ap-southeast-1.volces.com/banner_pc_The_Great_Ace_Attorney_Chronicles-2.jpg",
    "https://cloudmoon.tos-ap-southeast-1.volces.com/banner_pc_The_Great_Ace_Attorney_Chronicles-3.jpg"
  ]
}