{
  "icon": "https://cloudmoon-1305370474.cos.ap-singapore.myqcloud.com/cloudgame-icon/icon_Pokemon_Shield.jpg",
  "title": "Pokémon Shield",
  "subTitle": "Role playing / Simulation",
  "desc": "Beginne dein Abenteuer als Pokémon-Trainer, indem du einen von drei neuen Partner-Pokémon wählst: Grookey, Scorbunny oder Sobble. Dann begib dich auf eine Reise in die neue Galar-Region, wo du die Unruhestifter von Team Yell herausfordern wirst, während du gleichzeitig das Geheimnis hinter den legendären Pokémon Zacian und Zamazenta lüftest! Erkunde die Wild Area, ein riesiges Land, in dem der Spieler die Kamera frei steuern kann. Schließe dich mit bis zu drei anderen Spielern lokal oder online in den neuen kooperativen Max Raid*-Multiplayer-Kämpfen zusammen, in denen Spieler es mit gigantischen, superstarken Pokémon aufnehmen, die als Dynamax Pokémon bekannt sind.<br><br>Einige Pokémon können sogar Gigantamax, um ein neues Aussehen und eine mächtige Reihe von G-Max-Moves zu erlangen. Aber ein Champion zu sein, ist mehr als nur die Verbesserung deiner Kampffähigkeiten: Du kannst deine eigenen Klamotten auswählen und dir eine neue Frisur zulegen, während du die Läden in der Stadt besuchst, damit du der Trainer sein kannst, der du sein willst. Während deiner Reise wirst du auf neu entdeckte Pokémon sowie auf bekannte stoßen, die in ihren neuen Galar-Formen etwas anders aussehen werden! Für eine weitere Möglichkeit, deine Pokémon zu leveln, weise ihnen Poké Jobs zu, die sie erledigen müssen, und zum Spaß kannst du auch mit deinen Pokémon im Pokémon Camp spielen!",
  "images": [
    "https://cloudmoon.tos-ap-southeast-1.volces.com/banner_pc_Pokémon_Shield-1.jpg",
    "https://cloudmoon.tos-ap-southeast-1.volces.com/banner_pc_Pokémon_Shield-2.jpg",
    "https://cloudmoon.tos-ap-southeast-1.volces.com/banner_pc_Pokémon_Shield-3.jpg"
  ]
}