{
  "icon": "https://cloudmoon.tos-ap-southeast-1.volces.com/icon_Resident_Evil_4.png",
  "title": "Resident Evil 4",
  "subTitle": "Horror / Action",
  "desc": "Überleben ist nur der Anfang.<br><br>Sechs Jahre sind seit der biologischen Katastrophe in Raccoon City vergangen.<br>Agent Leon S. Kennedy, einer der Überlebenden des Vorfalls, wird entsandt, um die entführte Tochter des Präsidenten zu retten.<br>Er spürt sie in einem abgelegenen europäischen Dorf auf, wo mit den Einheimischen etwas furchtbar nicht stimmt.<br>Und der Vorhang hebt sich über diese Geschichte von kühner Rettung und erschöpfendem Horror, in der Leben und Tod, Schrecken und Katharsis sich überschneiden.<br><br>Mit einem modernisierten Gameplay, einer neu interpretierten Geschichte und lebhaft detaillierter Grafik,<br>markiert Resident Evil 4 die Wiedergeburt eines Branchengiganten.<br><br>Erlebe den Albtraum, der den Survival-Horror revolutionierte, noch einmal.",
  "images": [
    "https://cloudmoon.tos-ap-southeast-1.volces.com/banner_pc_Resident_Evil_4-1.jpg",
    "https://cloudmoon.tos-ap-southeast-1.volces.com/banner_pc_Resident_Evil_4-2.jpg",
    "https://cloudmoon.tos-ap-southeast-1.volces.com/banner_pc_Resident_Evil_4-3.jpg"
  ]
}