{
  "icon": "https://cloudmoon.tos-ap-southeast-1.volces.com/icon_Apex_Heroines.png",
  "title": "Apex Heroines",
  "subTitle": "Action / RPG",
  "desc": "Apex Heroines ist ein leichtes 3D-Science-Fiction-Actionspiel, das sich auf rasante und aufregende Kämpfe konzentriert, mit mehreren Rollen zur Auswahl, wunderschönen Moden und einer Vielzahl von Stilen, die du nach Belieben erstellen kannst, damit es nicht nur gut aussieht, sondern sich auch besser spielt!",
  "images": [
    "https://cloudmoon.tos-ap-southeast-1.volces.com/banner_pc_Apex_Heroines-1.jpg",
    "https://cloudmoon.tos-ap-southeast-1.volces.com/banner_pc_Apex_Heroines-2.jpg",
    "https://cloudmoon.tos-ap-southeast-1.volces.com/banner_pc_Apex_Heroines-3.jpg"
  ]
}