{
  "icon": "https://cloudmoon.tos-ap-southeast-1.volces.com/JoJos_Bizarre_Adventure_All_Star_Battle_R.png",
  "title": "JoJo's Bizarre Adventure: All-Star Battle R",
  "subTitle": "Anime / Action",
  "desc": "Bekannt für seine charismatischen Helden, den atemberaubenden Kunststil und seine unvergesslichen Sätze („Yare yare daze…“), kommt eine weitere Ausgabe von JoJo’s Bizarre Adventure mit einem weiteren Knall! JoJo's Bizarre Adventure: All-Star Battle R!<br><br>• Atemberaubende Grafik, die dem Stil von Hirohiko Araki treu bleibt<br><br>• 50 spielbare Charaktere aus allen JoJo-Sagas<br><br>• Eine Vielzahl von Spielmodi",
  "images": [
    "https://cloudmoon.tos-ap-southeast-1.volces.com/banner_pc_JoJos_Bizarre_Adventure_BattleR-1.jpg",
    "https://cloudmoon.tos-ap-southeast-1.volces.com/banner_pc_JoJos_Bizarre_Adventure_BattleR-2.jpg",
    "https://cloudmoon.tos-ap-southeast-1.volces.com/banner_pc_JoJos_Bizarre_Adventure_BattleR-3.jpg"
  ]
}