{
  "icon": "https://cloudmoon.tos-ap-southeast-1.volces.com/icon_DAVE_THE_DIVER.png",
  "title": "DAVE THE DIVER",
  "subTitle": "Pixel Graphics / Casual",
  "desc": "DAVE THE DIVER ist ein Gelegenheits-Abenteuer-Rollenspiel für Einzelspieler, das tagsüber Tiefseeerkundung und Fischen und nachts die Verwaltung eines Sushi-Restaurants bietet. Schließe dich Dave und seinen skurrilen Freunden an, während sie versuchen, die Geheimnisse des mysteriösen Blauen Lochs zu lüften.",
  "images": [
    "https://cloudmoon.tos-ap-southeast-1.volces.com/banner_pc_DAVE_THE_DIVER-1.jpg",
    "https://cloudmoon.tos-ap-southeast-1.volces.com/banner_pc_DAVE_THE_DIVER-2.jpg",
    "https://cloudmoon.tos-ap-southeast-1.volces.com/banner_pc_DAVE_THE_DIVER-3.jpg"
  ]
}