{
  "icon": "https://cloudmoon.tos-ap-southeast-1.volces.com/icon_Old_Mans_Journey.png",
  "title": "Old Man's Journey",
  "subTitle": "Adventure / Casual",
  "desc": "Old Man’s Journey, ein introspektives Puzzle-Abenteuer, erzählt eine Geschichte von Leben, Verlust und Hoffnung. Durch die Interaktion mit der Welt um dich herum, wirst du die Landschaft formen, um den Weg des alten Mannes vorwärts zu schaffen. Erlebe Herzschmerz und Hoffnung, während du dich auf eine berührende Reise durch eine sonnenverwöhnte Welt begibst.",
  "images": [
    "https://cloudmoon.tos-ap-southeast-1.volces.com/banner_pc_Old_Man_Journey-1.jpg",
    "https://cloudmoon.tos-ap-southeast-1.volces.com/banner_pc_Old_Man_Journey-2.jpg",
    "https://cloudmoon.tos-ap-southeast-1.volces.com/banner_pc_Old_Man_Journey-3.jpg"
  ]
}