{
  "icon": "https://cloudmoon.tos-ap-southeast-1.volces.com/icon_Portal_2.png",
  "title": "Portal 2",
  "subTitle": "Platformer / Puzzle",
  "desc": "Portal 2 baut auf der preisgekrönten Formel des innovativen Gameplays, der Geschichte und der Musik auf, die dem Original Portal über 70 Branchenauszeichnungen einbrachten und eine Kult-Anhängerschaft schufen.<br><br>Der Einzelspieler-Teil von Portal 2 führt eine Reihe neuer dynamischer Charaktere, eine Reihe neuer Puzzle-Elemente und einen viel größeren Satz hinterhältiger Testkammern ein. Spieler werden noch nie gesehene Bereiche der Aperture Science Labore erkunden und sich mit GLaDOS wiedervereinigen, dem manchmal mörderischen Computer-Begleiter, der sie durch das Originalspiel geführt hat.",
  "images": [
    "https://cloudmoon.tos-ap-southeast-1.volces.com/banner_pc_Portal_2-1.jpg",
    "https://cloudmoon.tos-ap-southeast-1.volces.com/banner_pc_Portal_2-2.jpg",
    "https://cloudmoon.tos-ap-southeast-1.volces.com/banner_pc_Portal_2-3.jpg"
  ]
}