{
  "icon": "https://cloudmoon.tos-ap-southeast-1.volces.com/icon_Cuphead.png",
  "title": "Cuphead",
  "subTitle": "Difficult / Cartoon",
  "desc": "Cuphead ist ein klassisches Run-and-Gun-Actionspiel, das sich stark auf Bosskämpfe konzentriert. Inspiriert von Cartoons aus den 1930er Jahren, werden die visuellen und akustischen Elemente akribisch mit den gleichen Techniken der Ära erstellt, nämlich traditioneller, handgezeichneter Animation, Aquarell-Hintergründen und originalen Jazz-Aufnahmen.<br><br>Spiele als Cuphead oder Mugman, während du bizarre Welten durchquerst, neue Waffen erwirbst, mächtige Super-Moves lernst und versteckte Geheimnisse aufdeckst, während du versuchst, deine Schulden beim Teufel zu begleichen!",
  "images": [
    "https://cloudmoon.tos-ap-southeast-1.volces.com/banner_pc_Cuphead-1.jpg",
    "https://cloudmoon.tos-ap-southeast-1.volces.com/banner_pc_Cuphead-2.jpg",
    "https://cloudmoon.tos-ap-southeast-1.volces.com/banner_pc_Cuphead-3.jpg"
  ]
}