{
  "icon": "https://cloudmoon.tos-ap-southeast-1.volces.com/icon_Slay_the_Spire.png",
  "title": "Slay the Spire",
  "subTitle": "Roguelike Deckbuilder / Card Game",
  "desc": "Wir haben Kartenspiele und Roguelikes verschmolzen, um den besten Einzelspieler-Deckbuilder zu schaffen, den wir uns vorstellen können. Erstelle ein einzigartiges Deck, begegne bizarren Kreaturen, entdecke Relikte von immenser Macht und Slay the Spire!",
  "images": [
    "https://cloudmoon.tos-ap-southeast-1.volces.com/banner_pc_Slay_the_Spire-1.jpg",
    "https://cloudmoon.tos-ap-southeast-1.volces.com/banner_pc_Slay_the_Spire-2.jpg",
    "https://cloudmoon.tos-ap-southeast-1.volces.com/banner_pc_Slay_the_Spire-3.jpg"
  ]
}