{
  "icon": "https://cloudmoon.tos-ap-southeast-1.volces.com/icon_Human_Fall_Flat.png",
  "title": "Human: Fall Flat",
  "subTitle": "Adventure / Funny",
  "desc": "Human Fall Flat ist ein urkomischer, unbeschwerter Physik-Plattformer, der in einer Welt aus schwebenden, traumhaften Landschaften spielt.<br><br>Jedes Traum-Level bietet eine neue Umgebung zum Navigieren, von opulenten Herrenhäusern, Burgen und aztekischen Abenteuern bis hin zu schneebedeckten Bergen, unheimlichen Nachtlandschaften und industriellen Orten. Mehrere Wege durch jedes Level und perfekt spielerische Rätsel sorgen dafür, dass Erkundung und Einfallsreichtum belohnt werden.<br><br>Brauchst du eine helfende Hand, um diesen Felsbrocken auf ein Katapult zu bekommen, oder brauchst du jemanden, der diese Mauer einreißt?<br><br>Dein Mensch kann von dir individuell gestaltet werden. Mit Outfits, die vom Bauarbeiter über den Koch, Fallschirmspringer, Bergmann, Astronauten und Ninja reichen. Wähle deinen Kopf, deinen Ober- und Unterkörper und werde kreativ mit den Farben!",
  "images": [
    "https://cloudmoon.tos-ap-southeast-1.volces.com/banner_pc_Human_Fall_Flat-1.jpg",
    "https://cloudmoon.tos-ap-southeast-1.volces.com/banner_pc_Human_Fall_Flat-2.jpg",
    "https://cloudmoon.tos-ap-southeast-1.volces.com/banner_pc_Human_Fall_Flat-3.jpg"
  ]
}