{
  "icon": "https://cloudmoon.tos-ap-southeast-1.volces.com/icon_Hollow_Knight.png",
  "title": "Hollow Knight",
  "subTitle": "Metroidvania / Souls-like",
  "desc": "Schmiede deinen eigenen Weg in Hollow Knight! Ein episches Action-Adventure durch ein riesiges, zerstörtes Königreich von Insekten und Helden. Erkunde verschlungene Höhlen, kämpfe gegen befleckte Kreaturen und freunde dich mit bizarren Käfern an, alles in einem klassischen, handgezeichneten 2D-Stil.",
  "images": [
    "https://cloudmoon.tos-ap-southeast-1.volces.com/banner_pc_Hollow_Knight-1.jpg",
    "https://cloudmoon.tos-ap-southeast-1.volces.com/banner_pc_Hollow_Knight-2.jpg",
    "https://cloudmoon.tos-ap-southeast-1.volces.com/banner_pc_Hollow_Knight-3.jpg"
  ]
}