{
  "icon": "https://cloudmoon.tos-ap-southeast-1.volces.com/icon_Valiant_Hearts_Coming_Home.jpg",
  "title": "Valiant Hearts: Coming Home",
  "subTitle": "Adventure / Platformer",
  "desc": "In Valiant Hearts: Coming Home spielst du als vier Charaktere durch Erkundung, Action und Rätsel.<br><br>Mit James, dem Bruder des tapferen Freddie, erlebe die Geschichte der berühmten Harlem Hellfighters noch einmal. Folge George, einem mysteriösen Piloten, der den alliierten Streitkräften dank seiner Flugfähigkeiten und seiner Intelligenz hilft. Schlüpfe in die Rolle von Ernst, einem deutschen Taucher, der tragisch in den großen Konflikt hineingezogen wurde. Schließlich triffst du dich wieder mit Anna, die in ihrer Mission kämpft, so viele Leben wie möglich zu retten.",
  "images": [
    "https://cloudmoon.tos-ap-southeast-1.volces.com/banner_pc_Valiant_Hearts_Coming_Home-1.jpg",
    "https://cloudmoon.tos-ap-southeast-1.volces.com/banner_pc_Valiant_Hearts_Coming_Home-2.jpg",
    "https://cloudmoon.tos-ap-southeast-1.volces.com/banner_pc_Valiant_Hearts_Coming_Home-3.jpg"
  ]
}