{
  "icon": "https://cloudmoon.tos-ap-southeast-1.volces.com/icon_Stardew_Valley.png",
  "title": "Stardew Valley",
  "subTitle": "Farming Sim / Pixel Graphics",
  "desc": "Du hast das alte Bauernhaus deines Großvaters im Stardew Valley geerbt. Ausgerüstet mit gebrauchten Werkzeugen und ein paar Münzen, machst du dich auf den Weg, um dein neues Leben zu beginnen. Kannst du lernen, von der Landwirtschaft zu leben und diese überwucherten Felder in ein blühendes Zuhause zu verwandeln? Es wird nicht einfach sein. Seit die Joja Corporation in die Stadt kam, sind die alten Lebensweisen so gut wie verschwunden. Das Gemeindezentrum, einst der lebendigste Mittelpunkt der Stadt, liegt jetzt in Trümmern. Aber das Tal scheint voller Möglichkeiten zu sein. Mit ein wenig Hingabe könntest du derjenige sein, der Stardew Valley wieder zu seiner einstigen Größe verhilft!",
  "images": [
    "https://cloudmoon.tos-ap-southeast-1.volces.com/banner_pc_Stardew_Valley-1.jpg",
    "https://cloudmoon.tos-ap-southeast-1.volces.com/banner_pc_Stardew_Valley-2.jpg",
    "https://cloudmoon.tos-ap-southeast-1.volces.com/banner_pc_Stardew_Valley-3.jpg"
  ],
  "metaTitle": "Play Stardew Valley Online for Free on PC & Mobile | CloudMoon",
  "metaDesc": "Play Stardew Valley of the Light instantly in browser without downloading. Enjoy lag-free, low latency, and high-quality gaming experience while playing this role playing game."
}