{
  "icon": "https://cloudmoon.tos-ap-southeast-1.volces.com/icon_Celeste.png",
  "title": "Celeste",
  "subTitle": "Precision Platformer / Difficult",
  "desc": "Hilf Madeline, ihre inneren Dämonen auf ihrer Reise zum Gipfel des Mount Celeste zu überleben, in diesem ultra-präzisen Plattformer der Schöpfer von TowerFall. Stelle dich Hunderten von handgefertigten Herausforderungen, entdecke hinterhältige Geheimnisse und setze das Rätsel des Berges zusammen.",
  "images": [
    "https://cloudmoon.tos-ap-southeast-1.volces.com/banner_pc_Celeste-1.jpg",
    "https://cloudmoon.tos-ap-southeast-1.volces.com/banner_pc_Celeste-2.jpg",
    "https://cloudmoon.tos-ap-southeast-1.volces.com/banner_pc_Celeste-3.jpg"
  ]
}