{
  "icon": "https://cloudmoon.tos-ap-southeast-1.volces.com/icon_Naruto_storm4.png",
  "title": "NARUTO STORM 4",
  "subTitle": "Action / Adventure",
  "desc": "In einem völlig neuen Dorf im Verborgenen Blatt, genieße die Abenteuer von Boruto, Narutos Sohn!<br>Während du dein Bestes gibst, um die Chunin-Prüfung zu bestehen, droht eine neue Bedrohung über der Welt der Shinobi.<br>Wirst du stark genug sein, um sie zu besiegen?<br><br>ERLEBE die Geschichte von BORUTO: NARUTO THE MOVIE!<br>ENTDECKE neue spielbare Charaktere wie Boruto, Sarada und Mitsuki<br>TRAINIERE, um die neuen geheimen Kombinations-Jutsus zu meistern<br><br>DIE NÄCHSTE GENERATION KOMMT!",
  "images": [
    "https://cloudmoon.tos-ap-southeast-1.volces.com/banner_pc_NARUTO_STORM_4-1.jpg",
    "https://cloudmoon.tos-ap-southeast-1.volces.com/banner_pc_NARUTO_STORM_4-2.jpg",
    "https://cloudmoon.tos-ap-southeast-1.volces.com/banner_pc_NARUTO_STORM_4-3.jpg"
  ]
}