{
  "images": [
    "https://play-lh.googleusercontent.com/G3pH38wmgu0N9ZEcfeo-sAVy9sgYCS6H3DM5WdXQH8YFfm138KIfjyNJ_BKSydeH2w=w526-h296-rw",
    "https://play-lh.googleusercontent.com/a1UIYOcMC7Nj3owYWIES8C5JFJydGTf8qUQFnmdCBPn3rTJpqeypp9nR1-BrIfuM_Wq2=w526-h296-rw",
    "https://play-lh.googleusercontent.com/4OnZpgGK_xdUt6Adq7Vv7WlMnZujNfOp_NY71tVkm_6aMjSWNBfa7FWBf-hhKY1iBfQ=w526-h296-rw",
    "https://play-lh.googleusercontent.com/qnQTaIm9ruJfFUTXTyz0KxHJffPGawNr833HiSH9iSh-TEZ16leMC-AcjZGwFgskJrU=w526-h296-rw",
    "https://play-lh.googleusercontent.com/p8IYmIXomjo0lW7xF0pDpM6r1MoPijVNJzmH3tvyKjF0K5Mu0A1W18YDlDRLhK0cuw=w526-h296-rw"
  ],
  "title": "CookieRun: Kingdom",
  "icon": "https://play-lh.googleusercontent.com/bckxAVrrNTfteLR9GuoW672p9jiQG2mIe6TpL6w4KuSSrnppSTHPCOW3JUBPri1CbnUz=w240-h480-rw",
  "subTitle": "ألعاب الأدوار/الألعاب الاستراتيجية التي تركز على الحركة",
  "desc": "◼︎ أبطالنا الصغار المفضلون: الكوكيز<br>تعرّف على الكوكيز، جميعهم بأصوات طاقم رائع من المؤدين الصوتيين<br>اختبر مهاراتهم المذهلة، ووقع في حب أصواتهم، وألبسهم أزياءً جديدة أنيقة.<br>انضم إلى الكوكيز في كوكيز ران: المملكة!<br>◼︎ انطلق في رحلة ملحمية حول خبز الأرض<br>أسرار الكوكيز القديمة وممالكهم تنتظر الكشف عنها.<br>انضم إلى جينجر بريف وأصدقائه في مواجهة ساحرة الظلام كوكي وفيلقها المظلم.<br>بدأت أحداث كوكيز ران: المملكة للتو!<br>◼︎ ابنِ مملكة لذيذة<br>اختر من بين مجموعة كبيرة ومتنوعة من الديكورات الفريدة لتصميم مملكة أحلامك.<br>أنتج المواد، واصنع العناصر، ونظم جميع أنواع الأنشطة - حياة المملكة النابضة بالحياة في انتظارك!<br> ◼︎ قاتل طريقك نحو النصر<br>كوّن فريق كوكيز الأبرز مع مجموعات لا حصر لها من الكنوز والإضافات<br>أثبت مهاراتك القتالية في ساحة المملكة، وتحالف الكوكيز، والفوضى الخارقة، ومعارك النقابات!<br>ابتكر استراتيجيات مختلفة لتنتصر!<br>■ ارفع شأن نقابتك<br>تصدّر جدول الترتيب مع زملائك في النقابة.<br>وسّع نطاق نقابتك واجمع آثار النقابة لتصبح أقوى نقابة على الإطلاق!<br>[الوصول مطلوب]<br>لأجهزة أندرويد 10 والإصدارات الأقدم:<br>التخزين: يسمح للتطبيق بتثبيت اللعبة وحفظ بياناتها.<br>• قراءة التخزين الخارجي<br>• كتابة التخزين الخارجي<br>لأجهزة أندرويد 11 والإصدارات الأحدث:<br>※ إذا لعبت اللعبة كضيف، فسيتم حذف بياناتك عند حذف التطبيق.<br> [رفض الوصول]<br>اختر \"السماح\" أو \"الرفض\" في الإعدادات، أو الخصوصية، أو الإذن المُحدد."
}