{
  "images": [
    "https://play-lh.googleusercontent.com/jDjTGJTGen9CClH8w3EAo6c3SehgGCEqSSovBCeMy-HwL2u7u5LyjUc4lAyfp_BtEGM=w526-h296-rw",
    "https://play-lh.googleusercontent.com/-m6PBQFSq3JNqUsXybFRATiGCeKfcIroKdr0NX5neG0hJw-kIzq_vC4u3_kG7LGmxg=w526-h296-rw",
    "https://play-lh.googleusercontent.com/53Gt6JSEgimzjBw2_yOgFnftR5tDAcEXjpbAeVGzMJMq1s3whv-HF8TSu14ozeFjifc=w526-h296-rw",
    "https://play-lh.googleusercontent.com/m9ghiMKZmUwcROE9tqNVb_ZxlEoXkWY2AohSVz0P70YSgt_mQpYVj4Vgv3UXvDpO_0M=w526-h296-rw",
    "https://play-lh.googleusercontent.com/ei9wKL55GgFOdpTz0cLqvOJnuVbV_1VsPdzv2wRUS6ZYAA6ZXR8KmZgUs8KgbgHSvLs=w526-h296-rw"
  ],
  "title": "Sky: Children of the Light",
  "icon": "https://play-lh.googleusercontent.com/Y3EGSP2XekSNQTFcCnhzHaUrMt94ujawgImieIPT0BBcDvd5Bh6BfaFcrlGpenIzhZs=w240-h480-rw",
  "subTitle": "ألعاب الأدوار/ألعاب تقمّص الأدوار المتعدّدة اللاعبين على الإنترنت",
  "desc": "Sky: Children of the Light هي لعبة MMO مسالمة حائزة على جوائز من مطوري Journey. استكشف مملكةً برسومات متحركة رائعة تمتد عبر سبعة عوالم، واصنع ذكرياتٍ لا تُنسى مع لاعبين آخرين في لعبة الألغاز والمغامرات الممتعة هذه.<br>ميزات اللعبة:<br>في هذه اللعبة الاجتماعية متعددة اللاعبين، هناك طرقٌ لا تُحصى للقاء أصدقاء جدد واللعب معهم.<br>كل يومٍ فرصةٌ للمغامرة. العب باستمرار لاكتشاف تجارب جديدة واحصل على مكافآت بشموعٍ يمكنك استبدالها بمستحضرات تجميل.<br>خصص مظهرك<br>عبّر عن نفسك! تتوفر إطلالات وإكسسوارات جديدة مع كل موسم أو حدث جديد.<br>تجارب لا تُحصى<br>تعلم تعبيراتٍ جديدة واكتسب الحكمة من أرواح كبار السن. تحدَّ اللاعبين في سباق، أو اجلس بالقرب من النار، أو اعزف على الآلات الموسيقية، أو تسابق عبر الجبال. مهما فعلت، احذر من الكريل!<br>لعب متعدد المنصات<br>انضم إلى ملايين اللاعبين الحقيقيين من جميع أنحاء العالم!<br> أظهر موهبتك الفنية<br>انضم إلى مجتمعنا من المبدعين الموهوبين! التقط صورًا أو مقاطع فيديو للعبة، وشارك ذكرياتك مع أصدقائك الجدد.<br>الفائزة بـ:<br>- لعبة العام للهواتف المحمولة (آبل)<br>- تصميم وابتكار متميز (آبل)<br>- أكبر عدد من المستخدمين في عالم افتراضي مستوحى من الحفلات الموسيقية (موسوعة غينيس للأرقام القياسية)<br>- لعبة العام للهواتف المحمولة (SXSW)<br>- أفضل تصميم بصري: جمالي (Webby)<br>- أفضل طريقة لعب واختيار الجمهور (جوائز Games for Change)<br>- جائزة الجمهور (جائزة اختيار مطوري الألعاب)<br>- أفضل لعبة مستقلة (جوائز Tap Tap Game)"
}