{
  "images": [
    "https://play-lh.googleusercontent.com/ozPdGXXZdOTy89wcLRV6MD3TLbGVuwZlj5qd5t8TvyEcz3O3xFtyXwmzxMKSqlPC3T4=w526-h296-rw",
    "https://play-lh.googleusercontent.com/ECfwLx3aFKTxD46f7JR_DEZNEEb2bQC44HXigJGRcga5yT9YZJtT6mG9BaQ1uTFh4JCX=w526-h296-rw",
    "https://play-lh.googleusercontent.com/NKLGjS_OoDmfTS0-Fm1x4a4vcNeILROId_gfgW9xS1P1iEB_NKSY3HsB6TbSq_wRxQ=w526-h296-rw",
    "https://play-lh.googleusercontent.com/ma6O4M2MUg2N_cRAxcLx6_99zdPScp_lF5vA9ujSkmzm23DPqm-ZOI7bRHNH8RdBq_o=w526-h296-rw",
    "https://play-lh.googleusercontent.com/n2aD-0vqglY3xxdgsYmDPiK84rVfsImg7lDd7djhiDB_SE1N7rwdl-NzlWAyFylzdA=w526-h296-rw"
  ],
  "title": "Persona5: The Phantom X",
  "icon": "https://play-lh.googleusercontent.com/uhf0JJTjPDIddePmWRxLsyECg2YtMpHlv6xD_td9kCn_iy4lWSmzpKnabCOk-iAvSQ=w240-h480-rw",
  "subTitle": "ألعاب الأدوار/ألعاب التقمّص المستندة إلى تناوب الأدوار",
  "desc": "جوائز TGS 2024 للألعاب اليابانية: الفائزة بفئة ألعاب المستقبل!<br>بعد سلسلة Persona التي نالت استحسان النقاد، والتي باعت أكثر من 23.5 مليون نسخة عالميًا، لعبة Persona5: The Phantom X جاهزة للإصدار!<br>■ هنا لتسرق قلبك المضطرب<br>طالب نهارًا، ولص شبح ليلًا: اكشف فساد كبار الشخصيات في العالم الحقيقي من خلال انتزاع رغباتهم المشوهة من ظلال عالم الميتافيرس. مع حبكة آسرة، وشخصيات فريدة، وأسلوب لعب شيق، كل ما تعرفه وتحبه من سلسلة Persona بانتظارك في هذه المغامرة الجديدة!<br>■ القصة<br>بعد استيقاظه من كابوس، يُدفع بطل الرواية إلى عالم متغير خالٍ من الأمل... والوجوه الجديدة التي يقابلها ليست أقل غرابة: بومة فصيحة تُدعى لوفيل، ورجل طويل الأنف، وجميلات يرتدين الأزرق.<br> بينما يتنقل في عوالم الميتافيرس الغامضة والغرفة المخملية، ويصارع رؤىً مُدمرة تُهدد حياته اليومية، عليه أن يكتشف ما يُمكنه انتزاعه من هذا العالم الجديد - وكل ذلك بأسلوب لص الأشباح الحقيقي.<br>■ الموقع الإلكتروني الرسمي<br>https://persona5x.com<br>■ الحساب الرسمي لـ X<br>https://www.x.com/P5XOfficialWest<br>■ الحساب الرسمي على فيسبوك<br>https://www.facebook.com/P5XOfficialWest<br>■ الحساب الرسمي على إنستغرام<br>https://www.instagram.com/P5XOfficialWest<br>■ ديسكورد الرسمي<br>https://discord.gg/sCjMhC2Ttu"
}