{
  "images": [
    "https://play-lh.googleusercontent.com/73d1QaX5wH1JcqBw3Dl6PQv3hmni-jgxT0gmye8_nI2Th9KrvjSKEkKA37W5-Zb28A=w526-h296-rw",
    "https://play-lh.googleusercontent.com/aM4OQFa43Rqq_TxUxHFeCNtZt5Q7DQEfnZpeHGZsku6YsCKJ2hzS4MbCB8e0QJvQOdM=w526-h296-rw",
    "https://play-lh.googleusercontent.com/2eU3NDmUYmd0Ew-7-Rx0fmRPDdkbeT-Yy7Fo4Jx-yiuckJm_k8LhY6DwkzrtxkO5eu90=w526-h296-rw",
    "https://play-lh.googleusercontent.com/z8xHDvmMqghIsl9wvkHw2tkwP5KJ6SuYhVe0x_C2zVRHJL6Mh0K52aigddrEcO2OMKA=w526-h296-rw",
    "https://play-lh.googleusercontent.com/bvzpNUWh0U71jRYBGbmpr0RnYSoz1m_EBVPy4qlpPjGWhI0EKGfrig7HCOn45iDkPXc=w526-h296-rw"
  ],
  "title": "Roblox",
  "icon": "https://play-lh.googleusercontent.com/7cIIPlWm4m7AGqVpEsIfyL-HW4cQla4ucXnfalMft1TMIYQIlf2vqgmthlZgbNAQoaQ=w240-h480-rw",
  "subTitle": "المحاكاة/ألعاب الاستكشاف والابتكار/الألعاب البسيطة",
  "desc": "روبلوكس هو عالم افتراضي متكامل يُتيح لك الإبداع ومشاركة التجارب مع أصدقائك، وأن تكون أي شيء تتخيله. انضم إلى ملايين الأشخاص واكتشف مجموعة لا حصر لها من التجارب الغامرة التي أنشأها مجتمع عالمي!<br>هل لديك حساب بالفعل؟ سجّل الدخول باستخدام حساب روبلوكس الحالي واستكشف عالم روبلوكس اللامتناهي.<br>ملايين التجارب<br>هل ترغب في خوض مغامرة ملحمية؟ هل ترغب في التنافس مع منافسين من جميع أنحاء العالم؟ أم ترغب فقط في قضاء الوقت والدردشة مع أصدقائك عبر الإنترنت؟ مكتبة متنامية من التجارب التي أنشأها المجتمع تعني أنه يوجد دائمًا شيء جديد ومثير لك كل يوم.<br>استكشفوا معًا في أي وقت وفي أي مكان<br>استمتعوا بوقتكم أينما كنتم. يتميز روبلوكس بدعم كامل عبر المنصات، مما يعني أنه بإمكانكم الانضمام إلى أصدقائك وملايين الأشخاص الآخرين عبر أجهزة الكمبيوتر أو الهواتف المحمولة أو أجهزة Xbox One أو نظارات الواقع الافتراضي.<br>كن أي شيء تتخيله<br>أبدع وأظهر أسلوبك الفريد! خصّص صورتك الرمزية بمجموعة كبيرة من القبعات والقمصان والوجوه والمعدات وغيرها الكثير. مع كتالوج العناصر المتنامي باستمرار، لا حدود للإطلالات التي يمكنك ابتكارها.<br>دردش مع معارفك<br>\"بارتي\" طريقة سلسة تجمع ما يصل إلى ستة أصدقاء وتخوض تجربة ممتعة. انضم إلى معارفك وابقَ معهم أثناء تنقلك بين التجارب. يمكن للمستخدمين الذين تزيد أعمارهم عن 13 عامًا استخدام \"بارتي\" للدردشة الصوتية أو النصية. لم يكن التنسيق والتواصل على روبلوكس أسهل من أي وقت مضى.<br>أنشئ تجاربك الخاصة: https://www.roblox.com/develop<br>الدعم: https://en.help.roblox.com/hc/en-us<br>للتواصل: https://corp.roblox.com/contact/<br>سياسة الخصوصية: https://www.roblox.com/info/privacy<br>دليل الوالدين: https://corp.roblox.com/parents/<br>شروط الاستخدام: https://en.help.roblox.com/hc/en-us/articles/115004647846<br>ملاحظة: يلزم اتصال بالإنترنت للانضمام. يعمل Roblox بشكل أفضل عبر شبكة Wi-Fi."
}