{
  "images": [
    "https://play-lh.googleusercontent.com/xstjtdHPLjE4Xz9u0Rqgw82htAejfUebek57UOs1AXjMzuy9R_iHyJaI2Hyz_3koZw=w526-h296-rw",
    "https://play-lh.googleusercontent.com/bGDT7QwGzUnG_QQRb05Q23Cw-uWXNe6t8Yr5-nidP_6l5leGeFAdm8RdXGw2hdbhxhE=w526-h296-rw",
    "https://play-lh.googleusercontent.com/_LtDY6y8BL1H9XHfMPbH0LTEkXpC6HQbtrDlzsS1u15m3YMMzWT1nTZNGmMofcKcgfI=w526-h296-rw",
    "https://play-lh.googleusercontent.com/72M7OP-6nPkanV8e_79a1kSuwgEa1B_OYOcwtrbBUxpHUqWiJuonN3YtXQ7FvG6TM-Fx=w526-h296-rw",
    "https://play-lh.googleusercontent.com/kLS9gvEpjrfdfmkHdu0nYHYiuHbAbZKOfe9FByZ3l0il_JGGIImX6b0DpOnCjLRHWCk=w526-h296-rw"
  ],
  "title": "PUBG MOBILE",
  "icon": "https://play-lh.googleusercontent.com/zCSGnBtZk0Lmp1BAbyaZfLktDzHmC6oke67qzz3G1lBegAF2asyt5KzXOJ2PVdHDYkU=w240-h480-rw",
  "subTitle": "الحركة/الرماية/لعبة رماية تكتيكية",
  "desc": "تحفة المعركة الملكية الملحمية<br>الكثير من الفعاليات المتاحة لك لاستكشافها<br>اصعد إلى القمة في PUBG MOBILE وأطلق النار. إن PUBG MOBILE هي لعبة المعركة الملكية الأصلية على الهاتف المحمول وواحدة من أفضل ألعاب إطلاق النار على الهاتف المحمول على الإطلاق.<br>معارك قوية في مباريات مكوّنة من عشر دقائق<br>حضّر أسلحتك، ولب نداء المعركة في PUBG MOBILE، وأطلق النار.<br>الكثير من الخرائط والأوضاع<br>تشتمل PUBG MOBILE على العديد من الخرائط وآليات اللعب التي تمنحك تجربة بقاء مثيرة. اعثر على أصدقائك والعبوا الأوضاع الجديدة معًا! العب بالطريقة التي تحبها وأطلق النار!<br>العب في أي وقت وفي أي مكان<br>استرح والعب PUBG MOBILE كما يحلو لك! استمتع بإطلاق النار الأكثر سلاسة للحصول على تجربة لعب لا نظير لها.<br>مصمّمة بصورة خاصة للهواتف المحمولة<br>تشتمل على عناصر تحكم قابلة للتخصيص، ووضع تدريب، ودردشة صوتية مع الأصدقاء. عش تجربة التحكم الأكثر سلاسة والأسلحة النارية الأكثر واقعية على هاتفك.<br>تشتمل PUBG MOBILE على تجربة اللعب والعناصر الأكثر دقة. يمكن للعبة PUBG MOBILE تلبية كل رغباتك. اختر من عدد لا حصر له من الأسلحة النارية واختبر مهارتك في الرماية. تتم إضافة عناصر وخرائط وأوضاع جديدة باستمرار في اللعبة.<br>تقدّم PUBG MOBILE معارك اللعب الجماعي المجانية الأكثر قوة على هاتفك المحمول. انضم إلى المعركة، وتزوّد بالعتاد، والعب للفوز. تمكّن من النجاة في معارك ملحمية تضم 100 لاعب في الوضع الكلاسيكي، والحمولة، ومعارك الساحة سريعة الوتيرة من نوع 4 ضد 4، ووضع الإصابة بالعدوى. النجاة هي أهم شيء. كن آخر الصامدين. اقبل المهام وأطلق النار!<br>تابعنا:<br>Facebook: https://www.facebook.com/PUBGMOBILE.MENA.OFFICIAL <br>Twitter: https://twitter.com/PUBGMOBILE_ARB <br>Instagram: https://www.instagram.com/pubgmobile_mena/ <br>YouTube: https://www.youtube.com/c/PUBGMOBILEMENAOFFICIAL <br>TikTok:  https://www.tiktok.com/@pubgm_mena <br>WhatsApp: https://whatsapp.com/channel/0029VaEACPRAO7RQqKcTkQ17 <br>Threads: https://www.threads.net/@pubgmobile_mena <br>Snapchat: https://www.snapchat.com/add/pubgmobile_mena <br>Discord: https://discord.gg/pubgm-mena <br>Telegram Channel: https://t.me/official_pubgmobile_mena<br>يُرجى الاتصال بخدمة العملاء في حال مواجهة أي مشاكل: service@pubgmobile.com<br>يُرجى قراءة سياسة الخصوصية واتفاقية المستخدم للعبة PUBG MOBILE<br>سياسة الخصوصية: http://pubgmobile.proximabeta.com/privacy.html<br>اتفاقية مستخدم Tencent Games‏: https://www.pubgmobile.com/terms.html"
}