{
  "images": [
    "https://play-lh.googleusercontent.com/jC5NTnyfHhtFzXq4opkc8WQsSemRp6wDL2bwHtludnCLsw-szhnchExp8ZyPlIf-Tg=w526-h296-rw",
    "https://play-lh.googleusercontent.com/6vqotIYsW5irdFMV-DlGnImqRdi1BVQx3uNfid50oNzNbJI8SSKOclhEn1GM-kdciQ=w526-h296-rw",
    "https://play-lh.googleusercontent.com/STpbLMDS7ibi5k0WvuVjFkRz-jo7IhzMyLLq-DJbBvDmFqvXafpmfevlqL2W0bgvP7yI=w526-h296-rw",
    "https://play-lh.googleusercontent.com/mIYs5PONbnmSUbMS81781X9dWxRWEpSx0YoY-WaCBfJbXa06dxHlxJKw9tghhsSlILkI=w526-h296-rw",
    "https://play-lh.googleusercontent.com/0h0v7hV74NoYCVF_IgSTlb842nKDh90JnNnCg7k7bTRpdmFiLhlmt0rMc5abD8hnv7Xm=w526-h296-rw"
  ],
  "title": "Umamusume: Pretty Derby",
  "icon": "https://play-lh.googleusercontent.com/BVhOavTYCExydDidgQyS9eiYcSlnX8XxhcYRV9xBhnCDuYgttcZgv-TghmM9KpnWLFt5=w240-h480-rw",
  "subTitle": "المحاكاة",
  "desc": "أوماموسومي: ديربي الجميلة جاهزة للانطلاق! تعرّف على المتدربين والداعمين في لعبة Scout، بينما تستكشفون تجربة محاكاة الحياة الرياضية الغامرة من خلال نظام التدريب المتعمق والرسومات ثلاثية الأبعاد فائقة الجودة!<br>مقدمة<br>-- أوماموسومي. وُلدوا ليركضوا. ورثوا أسماءً من عالم آخر، وألهمتهم أحلامٌ دراميةٌ ورائعة. الآن، يركضون إلى الأمام. هذا هو قدرهم. لا أحد يعلم كيف ستنتهي سباقاتهم المستقبلية. ومع ذلك، يواصلون الركض، ساعيين فقط نحو الهدف الذي أمامهم.<br>-- لكل عدّاء سحره الخاص. أنت، أيها المدرب، تقودهم على طريق النصر! لديك هدف واحد فقط: رفع أوماموسومي إلى أقصى إمكاناتها ومساعدتها على تحقيق أحلامها العظيمة. للوصول إلى هذه القمم الجديدة، مهمتك هي المشاركة في أكبر عدد ممكن من السباقات والفوز بها! النصر بانتظار من يتدرب بجد ويسعى للتواصل. بالتعاون فقط ستفوز بالتاج!<br>-- عش قصصًا شيقة لمتسابقين تاريخيين، مثل:<br>أسبوع خاص (صوت: أزومي واكي)<br>سايلنس سوزوكا (صوت: ماريكا كونو)<br>توكاي تيو (صوت: ماتشيكو)<br>أوغوري كاب (صوت: تومويو تاكاياناغي)<br>جولد شيب (صوت: هيتومي أويدا)<br>فودكا (صوت: أياكا أوهاشي)<br>دايوا سكارليت (صوت: تشيسا كيمورا)<br>ميجيرو ماكوين (صوت: ساوري أونيشي)<br>سيمبولي رودولف (صوت: أزوسا تادوكورو)<br>رايس واش (صوت: ماناكا إيوامي)<br>هارو أورارا (صوت: يوكينا شوتو)<br>نايس نيتشر (صوت: كاوري مايدا)<br>...وغيرهم الكثير - أكثر من 20 أوماموسومي يبحثون عن مدرب لمساعدتهم على تحقيق أهدافهم!<br> شجع فريقك المفضل من أوماموسومي وانغمس في سباقات حماسية وعروض مبهرة برسومات ثلاثية الأبعاد آسرة. يتنافس ما يصل إلى ١٨ من أوماموسومي في سباقات ضد بعضهم البعض للفوز بالمركز الأول - شاهدهم وهم يتنافسون بينما تستمتع بالتعليق المباشر الواقعي للعبة. وبالطبع، ابقَ معنا بعد السباق لتشجيع الفائز خلال حفل موسيقي مذهل! سواء على حلبة السباق أو على المسرح، ارفع سقف حماسك مع كل عرض جديد ومثير!<br>-- تابعنا على X:<br>https://x.com/umamusume_eng<br>-- لمزيد من المعلومات، تفضل بزيارة موقعنا الرسمي:<br>https://umamusume.com/"
}