{
  "images": [
    "https://play-lh.googleusercontent.com/S_EXb-tMzXQU98Q6eov7s7ITRXhqRVtjEK65Vb0lHy7V7V2RsDqWOVcTUr28wGkAB1PnASPj9J1kJTOWVmLQCA=w526-h296-rw",
    "https://play-lh.googleusercontent.com/jcKdwDMU3KUqLMdlMQJbNjstKk2pJlHd8nsLkvn0DGRlCzYzWzTCdlpG39bU4QPmiA=w526-h296-rw",
    "https://play-lh.googleusercontent.com/fSTuvLXdbMttUQWi2rNpuzhNCHb6oZksVh72Uqh4NnuuNnGDV4U_EdNcvIocXRbBAa11=w526-h296-rw",
    "https://play-lh.googleusercontent.com/x21sYrESJF85v71_M6KW1LKtjhMRrUS9j8RScnLgObazqW3hlpR_DrqRsD9oOWNXtds=w526-h296-rw",
    "https://play-lh.googleusercontent.com/Tqb-zDjUtGDXrRD3sqLvhWfY4rlxX7meKLBv0p1IcF0YUpjxmp9dJzxAhAdoNLKJZGk=w526-h296-rw"
  ],
  "title": "Harry Potter: Magic Awakened™",
  "icon": "https://play-lh.googleusercontent.com/MKRbux8_XbT77BJKnWm4hFEx7DS0Aiq1spHE_E4D6MVt-4YSsC_kRAhdGl3BN-gnj0doNpZfWvU0AwJPmqFiXg=w240-h480-rw",
  "subTitle": "ألعاب الأدوار/الألعاب الاستراتيجية التي تركز على الحركة/الألعاب البسيطة",
  "desc": "مغامرة سحرية بانتظارك. أتقن السحر!<br>ابدأ مغامرتك كطالب جديد في مدرسة هوجورتس للسحر والشعوذة، وانغمس في قصة جديدة كليًا مع أصدقاء جدد.<br>لقد أرسلت البومة خطاب قبولك. أهلاً بك في هوجورتس!<br>〓استكشف عالم السحرة〓<br>استمتع بسحر لا مثيل له في عالم القصص الخيالية الأوروبية. تجوّل في زقاق دياجون وانبهر بجميع المتاجر السحرية؛ حلق حول هوجورتس على عصا المكنسة، أو انطلق في أعماق الغابة المحرمة لتكتشف أسرار وحيد القرن والقنطور... كل أحلامك تتحقق هنا!<br>〓انضم إلى دروس السحر〓<br>أتقن تعويذة الرفع، واجه بوغارت، وانظر في كرة بلورية لاكتشاف مصيرك... شكّل فريقًا مع زملائك للتغلب على جميع التحديات في طريقك لتصبح ساحرًا عظيمًا!<br> 〓ألقِ تعاويذ سحرية〓<br>\"إكسبيليارموس!\" \"ستوبيفي!\" انضم إلى مبارزات آسرة في نادي المبارزة. كوّن مجموعتك بسحر قوي وأصداء وجوه مألوفة. ألقِ وتفادَ التعاويذ باستراتيجيات وتكتيكات. النصر في متناول يدك!<br>〓استمتع بحياتك السحرية〓<br>استجمع شجاعتك لدعوة شخص مميز للرقص، أو شكّل فريقًا منزليًا مع أصدقائك... عش حياتك السحرية على طريقتك في عالم السحر المفتوح.<br>〓استرجع لحظاتك الكلاسيكية〓<br>أضفِ الحياة إلى التاريخ باستخدام الكتاب بلا اسم المخبأ في أعماق قسم المكتبة المحدود. دافع عن حجر الفيلسوف؛ استخدم تعويذة باترونوس لإنقاذ سيريوس بلاك، وقاتل للخروج من متاهة السحرة الثلاثة مثل هاري بوتر... هذه المرة، اكتب مغامرتك الخاصة.<br> 〓مغامرات في قصص سينمائية〓<br>مرت سنوات على وفاة سيد الظلام، لكن شيئًا شريرًا يهدد السلام. ماذا سيحدث لهوجورتس؟ ومن سيكشف الحقيقة بمحاربة السحر الأسود؟"
}