{
  "images": [
    "https://play-lh.googleusercontent.com/AQUsfJqL8HoXfE_4tK8R3e_iQ9fgb07nm-sky6LRuh-mjz3iDzE45G1c8OMle9lpKw=w526-h296-rw",
    "https://play-lh.googleusercontent.com/LEXzraJx3sOFs7YqilpT_tmqgiNyWZe2Ha1kw9U03ndjwWIarQ88PZqfzxotKZQhnKA=w526-h296-rw",
    "https://play-lh.googleusercontent.com/3SsSYenwDSQji9oGtaKkW00EOzNeUvc_UQD1lLBgGeugNNQNOQt8Xv1BvPLZxqVCVyqS=w526-h296-rw",
    "https://play-lh.googleusercontent.com/Udh7U8dwzHTz27ryW0kwPgmmiUMQOHUzIZV5IKPlOG3z62Y63bzS0MKz4SjztEqZ-Jg=w526-h296-rw",
    "https://play-lh.googleusercontent.com/Fo-0hVLPB0WvIcPYgExvfHZwoOez0lXhfmccb1MGAF9k-mwg7pYqG_MCZlp_chGufPo=w526-h296-rw"
  ],
  "title": "Garena® Delta Force",
  "icon": "https://play-lh.googleusercontent.com/utG-EAUp93da_Bp0-AeOS7M8xYWRcSYhjIcxKFxhfcSU32moPHIhL9IS-AT20gaJ8w=w240-h480-rw",
  "subTitle": "",
  "desc": "???? انطلاق الموسم الجديد “خرق”!<br>???? شراكة محدود مع Arknights!<br>عملاء من لعبة Arknights الاستراتيجية الشهيرة ينضمون إلى Delta Force!<br>استكشف الأزياء الحصرية، والمهام المحدودة، ومحتوى خاص بانتظارك.<br>- العميلة الجديدة – العاصفة<br>انقضّ بسرعة، عطّل الأعداء، وارجع دون خدش!<br>- خريطة حرب جديدة – الإعصار<br>اركب الجيت سكي في خريطة جديدة بتأثيرات جوية مثيرة!<br>- خريطة عالية الخطورة – سجن المدّ<br>تفوّق على الحراس، وقاتل للخروج نحو الحرية."
}