{
  "images": [
    "https://play-lh.googleusercontent.com/QV1EETVisA5koTZOAgJRti487ivNrg7UTbnTdpCJeKqEuBkmEaiC5mSusYok9wQEHF2N6H5UM9yObJXvpGxehw=w526-h296-rw",
    "https://play-lh.googleusercontent.com/0sJNg5g_hQ5VTYD0qhxZkO8W7ATXvwaV7hF_JBKyQ2g0jbQjdPvHuuvhrOODux6dZFFk0ev9C_3oAyd8GlmOFA=w526-h296-rw",
    "https://play-lh.googleusercontent.com/t4uJztbnYRpbGkB8Hl8i2yYs_swl0gnMODlNjLbT9seXvIIDDD9uCppY_bkfGzVIxrah3GrFWPODa4VyXcJtcck=w526-h296-rw",
    "https://play-lh.googleusercontent.com/8ufU70xchME2cx9qkaSfie7TaoXxnImQ2GJm4dgoADSrLH3dGlGTgVPAbhb3EFS37HuUizg7DDuQrcqTfh2j-A=w526-h296-rw",
    "https://play-lh.googleusercontent.com/8RAcygezmQxmF_KzqRFOScvStP55jI71676uX6Z-IGRc4Bmroj7wMLGFwEbiO9N7e2NkrIVk7_eI1fjDXdiTiA=w526-h296-rw"
  ],
  "title": "Identity V",
  "icon": "https://play-lh.googleusercontent.com/8-SniYIRaeki791FyNlRggRuIjlxBpYM9k6F7q1UL75FW7IEUSWridDbrXmX5DkTokRq=w240-h480-rw",
  "subTitle": "الألعاب الإستراتيجية/ألعاب ساحة المعركة غير المتكافئة",
  "desc": "هوية V: لعبة رعب غير متناظرة 1 ضد 4 للهواتف المحمولة<br>الخوف ينبع دائمًا من المجهول.<br>مقدمة اللعبة:<br>انضم إلى أجواء الإثارة! مرحبًا بكم في هوية V، أول لعبة رعب غير متناظرة للهواتف المحمولة من تطوير NetEase. بأسلوب فني قوطي، وقصص غامضة، وأسلوب لعب مثير 1 ضد 4، ستمنحك هوية V تجربة آسرة.<br>الميزات الرئيسية:<br>معارك مكثفة 1 ضد 4 غير متناظرة:<br>أربعة ناجين: اهربوا من الصياد القاسي، تعاونوا مع زملائكم، فكّوا رموز آلات التشفير، افتحوا البوابة واهربوا؛<br>صياد واحد: تعرّفوا على جميع قدراتكم القاتلة. استعدوا للقبض على فرائسكم وتعذيبها.<br>أسلوب بصري قوطي:<br>سافروا إلى العصر الفيكتوري وجرّبوا أسلوبه الفريد.<br>إعدادات خلفية آسرة:<br>ستبدأ اللعبة بدور محقق، يتلقى رسالة غامضة تدعوه للتحقيق في قصر مهجور والبحث عن فتاة مفقودة. ومع اقترابك من الحقيقة، ستكتشف أمرًا مرعبًا...<br>تعديلات عشوائية على الخريطة:<br>مع كل لعبة جديدة، ستتغير الخريطة وفقًا لذلك. لن تعرف أبدًا ما ينتظرك.<br>اختر شخصيات مميزة والعبها:<br>شخصيات متعددة للاختيار من بينها، شخصيات مخصصة لتناسب استراتيجيتك الشخصية، وحقق النصر النهائي!<br>هل أنت مستعد؟<br>للمزيد من المعلومات:<br>الموقع الإلكتروني: https://www.identityvgame.com/<br>فيسبوك: www.facebook.com/IdentityV<br>مجموعة فيسبوك: www.facebook.com/groups/identityVofficial/<br>تويتر: www.twitter.com/GameIdentityV<br>يوتيوب: www.youtube.com/c/IdentityV<br>ديسكورد: https://discord.gg/FThHuCa4bn"
}