{
  "images": [
    "https://play-lh.googleusercontent.com/amaaP4VpJyXLz7NUohG5zXxPCP5CPMVLIReM6DDF1io2NFKNZsTnmQapIXQRS59VFoYl=w526-h296-rw",
    "https://play-lh.googleusercontent.com/ndSmPLfAmVS0IEnDK48fPYaC-_wTrxyKmEhTYiY6QGHl2BkOXKR5ivTUA2vgteAUMA=w526-h296-rw",
    "https://play-lh.googleusercontent.com/2Qa54GDeu-fAWCGScoYd94KRJnCE01-fEE9U4bugu1Vm3jzWzau5H_aYuQo43B1sWA=w526-h296-rw",
    "https://play-lh.googleusercontent.com/UQ1D5cSjY0A0rDlPx20i1C0OJqLBYkqMwpccb6PhFVRbduh4vaDLCUYO8a9jm_-LZF8=w526-h296-rw",
    "https://play-lh.googleusercontent.com/AtVkcvZSf1MTm19nz72VNTuTZQexN6HsWU55nvc8Gpoa7ZGRjOlkeLIpsKellf6RP4E=w526-h296-rw"
  ],
  "title": "ブルーアーカイブ",
  "icon": "https://play-lh.googleusercontent.com/g8Pdqd0jxo14ZKobgelauvnIc3WvBjYVm_WQRFyS3JBZiZmADCHHojqhueyg_lxyNXDY=w240-h480-rw",
  "subTitle": "ألعاب الأدوار/الألعاب الاستراتيجية التي تركز على الحركة",
  "desc": "--قصة عن العثور على معجزة صغيرة في الحياة اليومية<br>School x Youth x Story RPG \"الأرشيف الأزرق\" مقدمة من يوستار!<br>كمعلم، اقضي حياتك اليومية في مدينة كيفوتوس الأكاديمية الفريدة مع طلابك المميزين والجذابين!<br>■ ملخص<br>هذه هي مدينة كيفوتوس الأكاديمية.<br>في هذه المدينة الجامعية الضخمة جدًا والتي تتكون من آلاف المدارس، تستمر المشاكل كل يوم.<br>ومن أجل التعامل مع هذه المشكلة، تم إنشاء إدارة التحقيقات الفيدرالية [بيتري] من قبل رئيس مجلس طلاب الاتحاد.<br>تدور هذه القصة حول المعلم الذي يعمل كمستشار لبيتري ديش، والطلاب الذين يتعاونون معه، وحياته اليومية في المدينة الأكاديمية.<br>إنها قصة مرسومة.<br>▼ معركة ثلاثية الأبعاد مع شخصيات لطيفة<br>معركة قوية ثلاثية الأبعاد في الوقت الحقيقي!<br>شخصيات لطيفة تملأ الشاشة وتلعب دورًا نشطًا.<br>كمعلم، يمكنك توجيه طلابك!<br>▼ رسوم متحركة ثنائية الأبعاد عالية الجودة تلون شخصيات فريدة<br>سوف تستقبلك شخصيات الفتاة الجميلة برسوم متحركة جميلة ثنائية الأبعاد! <br>إذا أصبحت صديقًا لهم، فقد تتمكن من رؤية الرسوم المتحركة الخاصة!<br>▼ قم بتعميق روابطك مع طلابك وقضاء يوم مميز معهم!<br>كلما قضيت وقتًا أطول معهم، أصبحت روابطهم معك أقوى.<br>من المؤكد أن قضاء الوقت مع هؤلاء الفتيات سيجعل حياتك اليومية مميزة!"
}