{
  "images": [
    "https://play-lh.googleusercontent.com/9v2PfECSLMY7_FEUHG2US3unDGCl2b2_th-7tkQnnK0yFDDo43VVBevGy5mgZ6lrTa5s=w526-h296-rw",
    "https://play-lh.googleusercontent.com/ohF1ht6lXKY4ybjXlMrt2IjCdKBpgl1NUA6ftvNemA2iGxT0SP8HEZDseeYC5Q420Q=w526-h296-rw",
    "https://play-lh.googleusercontent.com/8Dnnwo9o932gZBRxVQOSPvG_k4qy1V6uhrDvT_w2krStdxXzKhumCV17J5jjCY1ApU4=w526-h296-rw",
    "https://play-lh.googleusercontent.com/-NL3eTKtTNbtRUzihyuyDvNUFbe9dbQpnIYvKdZvI9_L8F6zSl5xxaUBl_fqzn3j2g=w526-h296-rw",
    "https://play-lh.googleusercontent.com/YKtyqHghG0OFgSLAWuHkEegWFv-fLb3mnWN6TESS3Iy2u99BzwkIIavKDwz79Mhuid4=w526-h296-rw"
  ],
  "title": "Arknights",
  "icon": "https://play-lh.googleusercontent.com/D4DUUFQDCsH9NIEa8hjMjQSWdtNhGX1Fd_jT-23ogAb5uMMqttqQDUJcUt4K_u8RYOQ=w240-h480-rw",
  "subTitle": "الألعاب الإستراتيجية/الدفاع عن البرج",
  "desc": "تولَّ دور عضوٍ رئيسي في شركة رودس آيلاند للأدوية، التي تُكافح عدوىً قاتلةً والاضطرابات التي تُخلِّفها. بالتعاون مع قائدتك أميا، ستُجنِّد عملاء، وتُدرِّبهم، ثم تُكلَّف بعملياتٍ مُختلفة لحماية الأبرياء ومقاومة مُن يُريدون أن يُغرقوا العالم في الفوضى.<br>ستُحدِّد تكتيكاتك مُستقبل جزيرة رودس. حارب من أجل الفجر!<br>• لعبةٌ رائعةٌ بأسلوب الأنمي، بمزيجٍ مثاليٍّ من عناصر تقمص الأدوار والاستراتيجية.<br>• مئات العملاء الفريدين من مختلف الفئات، تُتيح خياراتٍ لا تُحصى للعب.<br>• نظام النشر التلقائي يُتيح لك مُطلق العنان لخيالك.<br>• أنشئ منزلًا، بالطريقة التي تُريدها، باستخدام نظام بناء القاعدة.<br>• موسيقى تصويرية قوية، وبعضٌ من أشهر مُمثلي وممثلات الأصوات اليابانيين، ستمنحك تجربةً سمعيةً رائعة.<br>الإذن: WRITE_EXTERNAL_STORAGE وREAD_EXTERNAL_STORAGE.<br> يتيح هذا للمستخدم تنزيل حزمة الإصلاحات العاجلة فور توفرها. هذا لا يُعرّض خصوصية المستخدم للخطر.<br>الحد الأدنى للتكوين لأجهزة أندرويد: ٢ غيغابايت من ذاكرة الوصول العشوائي (RAM)، و٢ غيغابايت من مساحة التخزين المجانية.<br>الصفحة الرئيسية الرسمية لـ Arknights:<br>https://www.arknights.global/<br>خادم Discord الرسمي:<br>https://discord.gg/arknights<br>حساب X الرسمي:<br>https://x.com/ArknightsEN<br>الصفحة الرسمية على فيسبوك:<br>https://www.facebook.com/ArknightsGlobal/<br>انستغرام الرسمي:<br>https://www.instagram.com/arknights_messenger_official/"
}