{
  "images": [
    "https://play-lh.googleusercontent.com/hzCikgOixRE-wtvPKdqbj6rLBhU_pmJirv-PLZ5_dtgfGgIQGc57zpLPTqbNeDbhpzY=w526-h296-rw",
    "https://play-lh.googleusercontent.com/Zeqph2xl8HaHQJ40-qZHI3MfAknOhM0Ns8SdRG3SMbGZJKSudZJ7TFXqY18kmLLpl-w=w526-h296-rw",
    "https://play-lh.googleusercontent.com/x1RvZpEwutb6HCVnR9iFpe5N-5WXPgqZTR1VzFcOjfRckak7abjHMBmIUhYuFTUtfG4=w526-h296-rw",
    "https://play-lh.googleusercontent.com/KG4rLWXYGNFhqJR3A7kuSyiWeyYithJXFn0zOZJTMHl5cLWuFcgqeB9p532YulLjKw=w526-h296-rw",
    "https://play-lh.googleusercontent.com/cXLiNeSYkoGCgsNzPcFcntCNpMYyXw2PnE0v7Hvgi1W4wXTe7FoPs0fjbGYslBBdfis=w526-h296-rw"
  ],
  "title": "مغامرات الحارس Guardian Tales",
  "icon": "https://play-lh.googleusercontent.com/9d6g93Ert844u7D_Bozz4asw20dwsGSXmPEQKbpwp0orBh9HSFL3bQQ3d17RXOVgU2dTBhhU-iIo2qllDBB3=w240-h480-rw",
  "subTitle": "ألعاب الأدوار/ألعاب تقمّص الأدوار التي تركز على الحركة",
  "desc": "تحفة فنية تتجاوز حدود الهاتف<br>مغامرة تقمص الأدوار Guardian Tales بتصميم فن البيكسل<br>تنتظرك قصص مليئة بالمفاجآت، وفنون البيكسل عالية الجودة، ومحتوى لا ينتهي!<br>بداية رحلة أسطورية!<br>استكشف عالمًا شاسعًا، وقابل الأبطال، واكشف النقاب عن مصير المملكة.<br>مغامرة لم يسبق لها مثيل - في Guardian Tales فقط!<br>◆ لعبة تقمص أدوار مليئة بالقصص والمفاجآت!<br>عالم مليء بمفاجآت غير متوقعة وشخصيات ساحرة.<br>عندما يصطدم الأمل باليأس - ما الحقيقة التي ستكشف عنها؟<br>◆ أكثر من 150 بطلًا فريدًا بتصميم فن البيكسل!<br>أساليب قتال فريدة، وتمثيل صوتي نابض بالحياة، وأزياء جميلة!<br>استدعِ الأبطال، واجمعهم، وطور فريقك إلى النصر!<br>◆ الألغاز والإثارة يجتمعان معًا!<br>ارفع الصخور، وألقِ القنابل، واكتشف كنوزًا مخفية!<br>راوغ، وهاجم، واقفز في طريقك من خلال أسلوب الحركة اليدوية المثير في اللعب!<br>◆ محتوى وفير لاستكشافه!<br>خض مغامرات لا تنتهي، من مغامرات الروجلايت سهلة التفاعل وحتى معارك لاعب ضد لاعب في الوقت الفعلي!<br>◆ معارك متعددة اللاعبين - كوّن فريقًا وانتصر!<br>قاتل من أجل مجد النقابة وتحقيق الانتصارات المثيرة من خلال العمل الجماعي!<br>محتوى خاص بالنقابات، والغارات الجماعية، ومباريات الموت بين الفرق، والمزيد في انتظارك!<br>◆ استرخ وخصص مساحتك الخاصة!<br>ابتكر قلعتك العائمة، \"هيفينهولد\"، صمم \"غرفتي\" الخاصة بك، وخصص بطاقة ملفك الشخصي! <br>استمتع بالزراعة، وتربية الماشية، وصيد الأسماك، واللحظات الهادئة مع أبطالك المحبوبين!<br>■ المجتمع الرسمي ■<br>انضم إلى صفحات Guardian Tales الرسمية!<br>فيسبوك: https://www.facebook.com/guardiantales  <br>تويتر: https://twitter.com/GuardianTalesEN   <br>ديسكورد: https://discord.gg/x96nDgK  <br>إنستغرام: https://www.instagram.com/guardiantales_official<br>يوتيوب: https://www.youtube.com/@GuardianTalesEN <br>تويتش: https://www.twitch.tv/playkakaogames <br>الموقع الإلكتروني: https://www.guardiantales.com<br>https://www.facebook.com/GuardianTalesAsia<br>■ المساعدة والدعم ■<br>هل تواجه مشاكل؟<br>عالميًا: زر https://kg.games/HelpGT أو تواصل معنا داخل اللعبة من خلال الذهاب إلى الإعدادات > إعدادات الحساب > الاستفسار.<br>آسيا: أرسل بريدًا إلكترونيًا إلى gtasia.help@kakaocorp.com أو تواصل معنا داخل اللعبة من خلال الذهاب إلى الإعدادات > إعدادات الحساب > الاستفسار.<br>سياسة الخصوصية: https://web-data-cdn.kakaogames.com/real/www/html/terms/index.html?service=S0001&type=T003  <br>شروط الخدمة: https://web-data-cdn.kakaogames.com/real/www/html/terms/index.html?service=S0001&type=T001  <br>■ سيحتاج جهازك إلى سعة تخزين متاحة بحجم 3 جيجابايت على الأقل لتحميل اللعبة.<br>---------------------------------------<br>■ الحد الأدنى للمواصفات الفنية ■<br>- iOS 11 أو أعلى<br>- iPhone 6S أو أعلى<br>- iPad Mini 4 أو أعلى<br>- ذاكرة الوصول العشوائي: 2 جيجابايت<br>- سعة التخزين المتاحة: 3 جيجابايت<br>---------------------------------------"
}