{
  "images": [
    "https://play-lh.googleusercontent.com/x_DfedUpcn03JH1d7joBfn1XKhI8L9fHT0NUHG6P3Nac92QQSBMhmRbQ3yLMYCQ9-ZX5KPg4udf8EWr4mAwGBg=w526-h296-rw",
    "https://play-lh.googleusercontent.com/kvr5rmJrwT1MOotibImEkwVP2xRMK4KK1dR8gJzd5a822ooFMmeaZyPFEEx6qqXTxi6cXMDw9u3mMe8_QJ7Q2qE=w526-h296-rw",
    "https://play-lh.googleusercontent.com/xrCSuj0saIlwKuBmRERS7f3EtlN3O-jAAFoZvinFR16P_B4u0zTOHDdYnV46inD4dRV6iTw168EuqHQkhzNxgg=w526-h296-rw",
    "https://play-lh.googleusercontent.com/8DElCKZYFUjQoWWXeQKASv4oV2tMtidRcpwKqMkh4MzJv2puXETniDtlO7_PwM-WKXTpaLBZNokcDsFjygUj4w=w526-h296-rw",
    "https://play-lh.googleusercontent.com/1iHkeLHI15sgT_O9VQ14HkkOPiMvEE3DCtET4-AtXbQP6x1KJKjqIsMfSMvtxu3g_NftXIaz85DzbiTzinlOcQ=w526-h296-rw"
  ],
  "title": "Reverse: 1999 - AC Collab",
  "icon": "https://play-lh.googleusercontent.com/2ertmWdllgean69_yTl3PjdDC2kRkDMF3UArP5pUq9LGZEMx1WbKCyMkdLzWTiVQbnDNDQ8Rt9UgzgJDW7tI_RM=w240-h480-rw",
  "subTitle": "ألعاب الأدوار/ألعاب التقمّص المستندة إلى تناوب الأدوار",
  "desc": "[الوجه الآخر: ١٩٩٩ × أساسنز كريد] تعاون مفتوح!<br>ظهور شخصيات جديدة من فئة ٦ نجوم [إزيو (نجم)]، [كاساندرا (معدن)]، وشخصية من فئة ٥ نجوم [أليكسيوس (وحش)] لأول مرة!<br>سجّل دخولك لتحصل على ٤٠ استدعاءً، واشتراكًا مجانيًا، وشخصية من فئة ٥ نجوم [أليكسيوس] مجانية في التعاون!<br>الوجه الآخر: ١٩٩٩ هي لعبة تقمص أدوار استراتيجية للسفر عبر الزمن من القرن العشرين، من تطوير بلوبوك.<br>في آخر يوم من عام ١٩٩٩، هبت \"العاصفة\" على العالم. شهدتَ عصرًا معكوسًا تحت قطرات المطر المتصاعدة. متحديًا كل الأسباب، ما يتكشف أمامك هو عالم عصر مضى منذ زمن بعيد.<br>بصفتك حارس الوقت، مراقب العصور، يمكنك السفر عبر هذه العصور بحرية بعد كل \"عاصفة\". بمساعدة سونيتو، وهو ساحر قوي وحليف من المؤسسة، مهمتك هي السفر عبر العصور إلى حيث تكون \"العاصفة\" في أوج نشاطها، والعثور على ساحر آخر يشعر بقدوم \"العاصفة\"، وإنقاذهم من \"الغربلة\" من الجدول الزمني.<br>▶▶صور مذهلة تمزج بين الجماليات الكلاسيكية والحديثة◀◀<br>انطلق في عالم التاريخ البديل الغامض، مفعمًا بعناصر بصرية فريدة تجمع بين فن البوب والرسم الزيتي الكلاسيكي، وغيرها من أساليب الفن في التاريخ.<br>▶▶مغامرة سينمائية عبر القرن العشرين◀◀<br>من عشرينيات القرن العشرين الصاخبة إلى مطلع الألفية، ستنطلق في رحلة عبر الزمان والمكان، وتكشف حقيقة \"العاصفة\" ولغز عام ١٩٩٩.<br>▶▶أداء صوتي كامل باللغة الإنجليزية بلكنات أصيلة◀◀<br>انغمس في عصور ماضية. استمتع بقصة يؤديها طاقم متنوع من الممثلين الصوتيين بلهجات بريطانية وإيطالية وفرنسية وغيرها.<br>▶▶سحرة رائعون من عصور ومناطق مختلفة◀◀<br>كان الناس يطلقون عليهم في الماضي لقب \"سحرة\" و\"سحرة\" و \"مهووسين\". أما الآن، فهم يعيشون في تعايش متوتر مع البشر العاديين... ولكن من هم السحرة حقًا؟<br>▶▶انسج تعاويذ سحرية لتحقيق انتصارات مجيدة◀◀<br>شكّل فريقك، وألقِ تعاويذ، واستخدم مهارات سحرية رائعة لهزيمة أعدائك. ابدأ مغامرتك المثيرة عبر الزمن في لعبة تقمص الأدوار الجديدة كليًا هذه.<br>الموقع الرسمي: https://re1999.bluepoch.com/en/home<br>فيسبوك: https://www.facebook.com/reverse1999global<br>تويتر: https://twitter.com/Reverse1999_GL<br>يوتيوب: https://www.youtube.com/@Reverse1999<br>ديسكورد: https://discord.com/invite/reverse1999"
}