{
  "images": [
    "https://play-lh.googleusercontent.com/9-PYw8mwBuIIEWHt3oNDKe0h8Xky6ech8mWl-NbGthX8LvIhuBVdK8ttrBVeLzOjKGI=w526-h296-rw",
    "https://play-lh.googleusercontent.com/iyaRC63b68N3rnUSDJyMa-RaqWhp9Pjkw781AZCj8KIJP_x3OgvybOjolMrIL9cySWP1=w526-h296-rw",
    "https://play-lh.googleusercontent.com/_r6E-IHqwKDqwqNCEdlmthc7pI36yXL5SgWHbx1rYT32sVBIKBlFiuPP11Tgj0I_iTo=w526-h296-rw",
    "https://play-lh.googleusercontent.com/-jNRbZzaVYJPaV9Mx6e1_EJnmoeWlW15ZMJtM-t4zzP_P7t8KdgivxdM0pMBdLPE884=w526-h296-rw",
    "https://play-lh.googleusercontent.com/mmXgRfzKW6JG5kQ42QNxB_UTU5GG9B451sW4qmSI8bSCNu4bzBK7Lgzk5vveVyjrHg=w526-h296-rw"
  ],
  "title": "Seven Knights Idle Adventure",
  "icon": "https://play-lh.googleusercontent.com/rMcSW2bCednEi239X8xFJJ8y_ApvKpYx-ZnWg3SRG6uoq4R77RW2eZTWsKlpsSGk_XI=w240-h480-rw",
  "subTitle": "ألعاب الأدوار/ألعاب تقمّص الأدوار المعتمِدة على النقر فقط",
  "desc": "فصل جديد من الفرسان السبعة يتكشف!<br>تعرف على أبطال جدد، بالإضافة إلى وجوه مألوفة من ألعاب Seven Knights الأخرى، وانضم إليهم في مغامرتهم المثيرة!<br>◀ قم بتشغيل الطاقة عندما تكون بعيدًا!<br>قتال وتصبح أقوى بسهولة!<br>تسمح لك المعركة التلقائية بالحصول على الخبرة والذهب، حتى في حالة عدم تسجيل الدخول!<br>◀ قم بتشكيل فريقك الخاص من الأبطال!<br>تعرف على أبطال Seven Knights المحبوبين!<br>اجعل فريقك يتألق بشخصيات فريدة!<br>◀ قتال استراتيجي 10 ضد 10!<br>استمتع بمعارك مذهلة تضم ما يصل إلى 10 شخصيات!<br>أظهر ما يمكن لأبطالك فعله في الميدان والأبراج المحصنة والساحة!<br>◀ تبدو جديدة مع الحيوانات الأليفة والأزياء!<br>◀ احصل على الكثير من الياقوت في حدث تسجيل الدخول الكبير!<br>دعم سريع للطاقة!<br>احصل على الكثير من مكافآت تسجيل الدخول وقم بتعزيز أبطالك بسرعة! <br>※ يقدم هذا التطبيق عمليات شراء داخل التطبيق. ويمكنك تعطيل هذه الميزة عن طريق ضبط إعدادات جهازك.<br>※ عن طريق تنزيل هذه اللعبة، فإنك توافق على شروط الخدمة وسياسة الخصوصية الخاصة بنا.<br> <br> - شروط الخدمة: https://help.netmarble.com/terms/terms_of_service_en<br> - سياسة الخصوصية: https://help.netmarble.com/privacy_policy/skiagb"
}