{
  "images": [
    "https://play-lh.googleusercontent.com/t1p0uafX26v-lG22bUYEG8Avq6ioiFkTBLfhoe-G9edDGXD0OzUFZzoNtJcDV1RsJnWGLgBnRySFxuRXdODUwg=w526-h296-rw",
    "https://play-lh.googleusercontent.com/d-GlgIX2r0GfO6BEKI5nN2c68zpKqT0FNlqFBRRqAwJEOra89EMcKvuNq1Q8go8ZHsPgmRh_Hv7oCoULHTzKWu0=w526-h296-rw",
    "https://play-lh.googleusercontent.com/d6viMB2a6aWg_EE9vI2H0_PNok72GzDeVA6B4LVq80bq1mOkRdXRiFuldJf32bS38oq8LsbjKdwzGCAXgpc1cQ=w526-h296-rw",
    "https://play-lh.googleusercontent.com/Q8eeG6f0ecMP6IBt-6V9AuB1GeYNw_CWzxxtjMdoXMia_aJ7oq8V5oy4QtjxXgL8pgDiBQ37PleAvLqrTk9Tdg=w526-h296-rw",
    "https://play-lh.googleusercontent.com/aZ5jodfkSXKbZvTqAi6LMcP0BB4wP6lGFUmCyfzjRa30x4tTryhIVozlsMRA4V9ZekJgEZyAKwJPdoUy-XZRrrw=w526-h296-rw"
  ],
  "title": "Magic Chess: Go Go",
  "icon": "https://play-lh.googleusercontent.com/0YFChom7BdMkIgshcKHweiP7LriiGg7j7CS5mS4JWCSZkmFD5hRZnOsEGf93u5TgpDccD6NmM7SgBgV7txXWNw=w240-h480-rw",
  "subTitle": "الألعاب الإستراتيجية/الشطرنج التلقائي",
  "desc": "لعبة استراتيجية جديدة من فريق MLBB!<br>أهلاً بكم في Magic Chess: Go Go، لعبة الاستراتيجية المثالية التي تجمع بين أبطال MLBB وأسلوب لعب عصري وبسيط. لا يتعلق الأمر بالميكانيكا السريعة، بل بالحكمة ولمسة من الحظ! العب في أي مكان وفي أي وقت، واستمتع مع أصدقائك!<br>ساحة معركة جديدة لأبطال MLBB: استراتيجية مُحسّنة بالكامل<br>قُد أبطال MLBB المفضلين لديك بطريقة جديدة كلياً. جنّد، ادمج، وضع استراتيجيات لتشكيل التشكيلة المثالية.<br>مواجهة 8 لاعبين: تفوق على الآخرين لتصبح البطل<br>واجه 7 لاعبين آخرين في معركة تكتيكية تعتمد على الذكاء. هل تريد المزيد من المتعة؟ شكّل فريقاً مع أصدقائك وأظهر لهم من هو الاستراتيجي الحقيقي!<br>مهارات القائد الفريدة: ميزتك التكتيكية<br>يقدم كل قائد مهارات حصرية تُمكّنك من ابتكار استراتيجيات جريئة ومُخصصة للسيطرة على اللعبة.<br>بطاقات قوية: مفتاح العودة المحظوظة<br>اختر من بين بطاقات Go Go المتنوعة في المراحل الرئيسية لزيادة ميزتك وتحقيق الفوز. كل بطاقة قد تكون مفتاح الفوز في معركة الشطرنج المثيرة هذه!<br>انضم إلى MCGG الآن وأتقن لوحة الشطرنج باستراتيجية وأسلوب مميز!<br>بريد خدمة العملاء الإلكتروني: mobilechess.help@moonton.com<br>الموقع الإلكتروني الرسمي: https://play.mc-gogo.com<br>يوتيوب: https://www.youtube.com/@MagicChessGoGo"
}