{
  "images": [
    "https://play-lh.googleusercontent.com/QHsvN6D0gJewHA6273IcQ5PhBcsJVLIOzWhJEJRfccxFd13_jceQbUks7q8XDuj1TMs=w526-h296-rw",
    "https://play-lh.googleusercontent.com/C8Q-BnP3lPBAKV-F5Kr64ZA6iBQPlQs45-mBkNBLRdEEQvn8qeK18lXplTJ5D8FKRg=w526-h296-rw",
    "https://play-lh.googleusercontent.com/11kQOndyAIQwhtHu5NJwOyR4L-i4XL6H6KPIrz2dt2-XwUQtZa_DLz6vDjCrrqXb2Co=w526-h296-rw",
    "https://play-lh.googleusercontent.com/-bX90ZwQCqFIYQhWrKVv-IjM8mKhFhJA1NmpwSldintmm7M28Zdoe3k5dZBr7G9UzAu5=w526-h296-rw",
    "https://play-lh.googleusercontent.com/CgTUkZiQJFlZgHibsBA92b5m6YUsWporNYcPyXDo7mxoFVDlg8_qLhctzzbYT-FUZqI=w526-h296-rw"
  ],
  "title": "Rememento - White Shadow",
  "icon": "https://play-lh.googleusercontent.com/iHapLhZxjQuI8tCcCt4SMAiloXkjlKSGINGDRVMlgBlY6wC3c9oTDG9zrP7kZayMtA=w240-h480-rw",
  "subTitle": "ألعاب الأدوار/ألعاب التقمّص المستندة إلى تناوب الأدوار",
  "desc": "انطلق إلى مستوى جديد كليًا من الاستراتيجية مع لعبة \"Rememento - White Shadow\".<br>حمّل الآن وابدأ رحلتك الأسطورية!<br>■ قصة ملحمية تأسرك<br>تحدّى لعنة الساحرات واكشف الحقيقة وراء ذكريات الآلهة المنسية.<br>في فوضى الخلق، شكّل مصيرك واكتشف ما يكمن وراء الستار.<br>■ قتال ذكي ومُرضٍ قائم على الأدوار<br>أتقن إيقاع المعركة مع نظام لعب جماعي مُبسّط.<br>مع كل قرار، أدر طاقتك، وحدّد وقت مهاراتك، وتفوّق على أعدائك - سهلة التعلم، وعميقة الإتقان.<br>■ مشاهد سينمائية ورسومات خيالية مذهلة<br>ينبض كل فصل بالحياة مع رسوم متحركة ثلاثية الأبعاد بالكامل.<br>استمتع بصور غامرة مدعومة بمحرك Unreal Engine وقصة تُروى من خلال رسوم متحركة غنية ومعبرة.<br> ■ لاعب ضد لاعب يُكافئ البراعة التكتيكية<br>تفوّق على خصومك في حروب لاعب ضد لاعب شرسة في الوقت الفعلي مع استراتيجيات متطورة باستمرار.<br>ارتقِ في التصنيفات كل موسم من خلال تعديل تكتيكاتك وإثبات مهارتك.<br>أعد كتابة القدر المختوم في الذاكرة الإلهية. أنر الفجر الأخير.<br>حمّل Rememento - White Shadow وابدأ رحلتك الأسطورية الآن."
}