{
  "images": [
    "https://play-lh.googleusercontent.com/rah5QBslovPU5LOyUKDXlb9QutIE9p5KEDM3ich533GzEGadLPGiSeYIEcE40Gj91D0=w526-h296-rw",
    "https://play-lh.googleusercontent.com/O-4dj3C_L_rxpwIJYQMD7Xs6rW8ICdZ20Y92Gud_LlbuWKQYWwd8T9pxDXkivGbMTvI=w526-h296-rw",
    "https://play-lh.googleusercontent.com/sQQx0pILiWN53MywEYCwe7gqzxFKZtnyQ-IujSB7nVIRiqL3q7fho8ta-5OOxe3Y53Ax=w526-h296-rw",
    "https://play-lh.googleusercontent.com/bZZJB1R7iekxKWvUFnUWlGN5976eKwLxzzk3wfNi_bTFw_A4NxwVAutZ7C6ngZoOuxMB=w526-h296-rw",
    "https://play-lh.googleusercontent.com/awe55xE1KILNevBZA2pnPa9B_dZvbGr00PhMIjHjWOpWsMR_FC5KoyPalS7cc7GEfpw=w526-h296-rw"
  ],
  "title": "Pokémon TCG Pocket",
  "icon": "https://play-lh.googleusercontent.com/CMYCz0j2Dowf_VUybvX00u5TGGkAJp2pGMrYxJcp85L91kou9fGICYcWnb8Pyr1xcQ=w240-h480-rw",
  "subTitle": "أوراق اللعب/ألعاب البطاقات التنافسية/الألعاب البسيطة",
  "desc": "بطاقات بوكيمون، التي يلعب بها اللاعبون في 89 دولة، أصبحت الآن أقرب إليك من أي وقت مضى!<br>استمتع ببطاقات بوكيمون في أي وقت، وفي أي مكان، على جهازك المحمول!<br>■ يمكنك فتح الحزم يوميًا للحصول على بطاقات!<br>اجمع البطاقات يوميًا! يمكنك فتح حزمتين معززتين يوميًا مجانًا لجمع بطاقات بوكيمون التي تتميز برسومات رائعة من الماضي، بالإضافة إلى بطاقات جديدة كليًا وحصرية لهذه اللعبة.<br>■ بطاقات بوكيمون جديدة!<br>بطاقات غامرة، نوع جديد كليًا من البطاقات، يظهر لأول مرة هنا! مع رسومات جديدة ثلاثية الأبعاد، ستجعلك البطاقات الغامرة تشعر وكأنك قفزت إلى عالم رسوم البطاقة!<br>■ تبادل البطاقات مع الأصدقاء!<br>يمكنك تبادل بطاقات معينة مع الأصدقاء.<br>■ استخدم ميزة التبادل لجمع المزيد من البطاقات!<br>■ استعرض مجموعتك!<br>يمكنك استخدام المجلدات أو لوحات العرض لعرض بطاقاتك ومشاركتها مع العالم!<br>■ معارك غير رسمية - وحدك أو مع الأصدقاء!<br> استمتع بمعارك غير رسمية خلال فترات الراحة القصيرة من يومك!<br>المباريات المصنفة متاحة الآن للاعبين الذين يرغبون في خوض المزيد من المعارك.<br>شروط الاستخدام: https://www.apppokemon.com/tcgp/kiyaku/kiyaku001/rule/"
}