{
  "images": [
    "https://play-lh.googleusercontent.com/VBGLCbep4_HG78ZW8t5OE0TNzAgtFcrLbl2DO3juzZIHOz_se2mxJLj-sxs_Elf3=w526-h296-rw",
    "https://play-lh.googleusercontent.com/dFugNP1kf6G-bkda37GWmxVG6IbSl_GqaXlEH2HJql2sGISiiiPCpuS8JpcYivnX5LI=w526-h296-rw",
    "https://play-lh.googleusercontent.com/kP9vDKdsoqrN8VyZu7cweVp1APLOCJ3LHsfSb_1ERFhbnnhKkji6UhvqT-HpZVyYkHdg=w526-h296-rw",
    "https://play-lh.googleusercontent.com/e5VD5W16652IhhhXpl9TJjpODdjJOsolbG4sl2EvnhWd7N_398WLh3pp6jaWp0RbJn4=w526-h296-rw",
    "https://play-lh.googleusercontent.com/DSynfGGFuOzYvR2WsKwNa_AbXYTXptbhGdRcqFS0C0TP14g0PuYzbzBT0cUaObOGIg=w526-h296-rw"
  ],
  "title": "Persona5: The Phantom X™",
  "icon": "https://play-lh.googleusercontent.com/iMHm9_Ynx7yjySr4Em9ft7se2t5WjXYOd6mm-HMtC7hXX03hrIP6osuyWDYGra817NHM=w240-h480-rw",
  "subTitle": "ألعاب الأدوار/ألعاب تقمّص الأدوار التي تركز على الحركة",
  "desc": "تُطلق لعبة 《بيرسونا 5: فانتوم إكس》 في 3 يوليو الساعة 10:00 صباحًا (بتوقيت غرينتش +8)!<br>فعاليات إطلاق شيقة وتعاونات حصرية في انتظاركم!<br>لا تفوتوا تذاكر gacha المجانية للشخصيات وسحوبات الأسلحة!<br>جوائز TGS 2024 للألعاب اليابانية: الفائز في فئة ألعاب المستقبل!<br>انغمسوا في عالم الميتافيرس... واكشفوا النقاب عن قصة بيرسونا 5: فانتوم إكس! أحدث لعبة تقمص أدوار يابانية بأسلوب الأنمي من سلسلة بيرسونا من Atlus!<br>القصة<br>بعد استيقاظه من كابوس، يجد البطل نفسه في عالم متغير خالٍ من الأمل... والوجوه الجديدة التي يقابلها ليست أقل غرابة: بومة فصيحة تُدعى ليفاي، ورجل طويل الأنف، وجميلات يرتدين الأزرق. بينما يتنقل في عوالم الميتافيرس الغامضة والغرفة المخملية، ويصارع رؤىً مُدمرة تُهدد حياته اليومية، عليه أن يكتشف ما يُمكنه انتزاعه من هذا العالم الجديد - وكل ذلك بأسلوب لص الأشباح الحقيقي.<br>تابعوا قنواتنا الرسمية لآخر التحديثات:<br>صفحة فيسبوك: https://www.facebook.com/P5XSEA/<br>مجموعة فيسبوك: https://www.facebook.com/groups/p5xsea<br>يوتيوب: https://www.youtube.com/@P5XSEA<br>إنستغرام: https://www.instagram.com/p5xsea/<br>تيك توك: https://www.tiktok.com/@p5xsea<br>X: https://x.com/P5XSEA<br>انضم إلى لصوص الأشباح - انضم إلى ديسكورد الرسمي!<br>https://discord.com/invite/8NurAJ6YKT<br>【إشعارات】<br>• IWPLAY WORLD (艾玩天地) هو الناشر الرسمي للعبة \"Persona5: The Phantom X\" في تايلاند وسنغافورة وماليزيا وإندونيسيا والفلبين.<br>• تحتوي اللعبة على مشاهد عنف ومحتوى إيحائي.<br>• جميع محتويات اللعبة خيالية. يُرجى اللعب بمسؤولية وتجنب التقليد غير اللائق.<br>• يتطلب بعض المحتوى عمليات شراء داخل التطبيق. لا تستخدم خدمات شحن خارجية لتجنب المشاكل القانونية.<br>• تدعم اللعبة التبديل بين اللغة الإنجليزية والصينية المبسطة."
}