{
  "icon": "https://cloudmoon.tos-ap-southeast-1.volces.com/icon_Portal_2.png",
  "title": "Portal 2",
  "subTitle": "Platformer / Puzzle",
  "desc": "تعتمد Portal 2 على الصيغة الحائزة على جوائز للعب المبتكر والقصة والموسيقى التي أكسبت Portal الأصلية أكثر من 70 جائزة صناعية وخلقت متابعة جماهيرية.<br><br>يقدم جزء اللاعب الفردي من Portal 2 مجموعة من الشخصيات الجديدة الديناميكية، ومجموعة من عناصر الألغاز الجديدة، ومجموعة أكبر بكثير من غرف الاختبار الخادعة. سيستكشف اللاعبون مناطق لم يسبق لها مثيل من مختبرات Aperture Science وسيتم لم شملهم مع GLaDOS، الرفيق الحاسوبي القاتل أحيانًا والذي أرشدهم خلال اللعبة الأصلية.",
  "images": [
    "https://cloudmoon.tos-ap-southeast-1.volces.com/banner_pc_Portal_2-1.jpg",
    "https://cloudmoon.tos-ap-southeast-1.volces.com/banner_pc_Portal_2-2.jpg",
    "https://cloudmoon.tos-ap-southeast-1.volces.com/banner_pc_Portal_2-3.jpg"
  ]
}