{
  "icon": "https://cloudmoon.tos-ap-southeast-1.volces.com/icon_Disco_Elysium_The_Final_Cut.png",
  "title": "Disco Elysium - The Final Cut",
  "subTitle": "RPG / Story Rich",
  "desc": "Disco Elysium - The Final Cut هي النسخة النهائية من لعبة تقمص الأدوار الرائدة. أنت محقق تحت تصرفك نظام مهارات فريد ومنطقة مدينة كاملة لتشق طريقك عبرها. استجوب شخصيات لا تُنسى، واحلّ جرائم القتل، أو اقبل الرشاوى. كن بطلاً أو كارثة بشرية مطلقة.",
  "images": [
    "https://cloudmoon.tos-ap-southeast-1.volces.com/banner_pc_Disco_Elysium-1.jpg",
    "https://cloudmoon.tos-ap-southeast-1.volces.com/banner_pc_Disco_Elysium-2.jpg",
    "https://cloudmoon.tos-ap-southeast-1.volces.com/banner_pc_Disco_Elysium-3.jpg"
  ]
}