{
  "icon": "https://cloudmoon-1305370474.cos.ap-singapore.myqcloud.com/cloudgame-icon/icon_Pokemon_Shield.jpg",
  "title": "Pokémon Shield",
  "subTitle": "Role playing / Simulation",
  "desc": "ابدأ مغامرتك كمدرب بوكيمون باختيار أحد ثلاثة شركاء بوكيمون جدد: Grookey، أو Scorbunny، أو Sobble. ثم انطلق في رحلة في منطقة Galar الجديدة، حيث ستتحدى مثيري الشغب من Team Yell، بينما تكشف في نفس الوقت عن الغموض وراء البوكيمون الأسطوري Zacian وZamazenta! استكشف المنطقة البرية، وهي مساحة واسعة من الأرض حيث يمكن للاعب التحكم بحرية في الكاميرا. انضم إلى ثلاثة لاعبين آخرين محليًا أو عبر الإنترنت في معارك Max Raid* التعاونية الجديدة متعددة اللاعبين حيث سيواجه اللاعبون بوكيمون عملاق وفائق القوة يُعرف باسم Dynamax Pokémon.\n\nيمكن لبعض البوكيمون حتى Gigantamax لاكتساب مظهر جديد ومجموعة قوية من حركات G-Max. ولكن هناك ما هو أكثر من مجرد إتقان مهارات القتال لتصبح بطلاً: يمكنك اختيار ملابسك الخاصة والحصول على تسريحة شعر جديدة أثناء زيارة المتاجر في المدينة، حتى تتمكن من أن تكون المدرب الذي تريد أن تكونه. خلال رحلتك، ستلتقي ببوكيمون تم اكتشافه حديثًا بالإضافة إلى بوكيمون مألوف سيبدو مختلفًا قليلاً في أشكاله الجديدة في Galar! للحصول على طريقة أخرى لرفع مستوى البوكيمون الخاص بك، قم بتعيين Poké Jobs لإكمالها، وللمتعة، يمكنك حتى اللعب مع البوكيمون الخاص بك في Pokémon Camp!",
  "images": [
    "https://cloudmoon.tos-ap-southeast-1.volces.com/banner_pc_Pokémon_Shield-1.jpg",
    "https://cloudmoon.tos-ap-southeast-1.volces.com/banner_pc_Pokémon_Shield-2.jpg",
    "https://cloudmoon.tos-ap-southeast-1.volces.com/banner_pc_Pokémon_Shield-3.jpg"
  ]
}