{
  "icon": "https://cloudmoon.tos-ap-southeast-1.volces.com/icon_The_Great_Ace_Attorney_Chronicles.png",
  "title": "The Great Ace Attorney Chronicles",
  "subTitle": "Visual Novels / Adventure",
  "desc": "اغوص في عالم درامي ولكنه ساحر وذكي من جمع الأدلة والاستنتاج ومعارك قاعة المحكمة مع هذه الحزمة المزدوجة من مغامرات المحامي المبتدئ ريونوسوك.<br><br>تدور أحداث كل عنوان في أواخر القرن التاسع عشر في اليابان وإنجلترا، ويحتوي على خمس حلقات من ألغاز القتل المليئة بكل الدراما والضحك والتحولات و\"الانقلابات\" التي تتوقعها من التراث القانوني المعقد لـ Ace Attorney. انضم إلى ريونوسوك ناروهودو، سلف الشخصية الرئيسية في السلسلة فينيكس رايت، وهو يحاول الكشف عن الأسرار الكامنة وراء مؤامرة إجرامية دولية وحل قضية باردة غامضة ومحيرة، بينما يخوض سلسلة من المحاكمات الصعبة على طول الطريق. عشرات الساعات من العمل القانوني في انتظارك!",
  "images": [
    "https://cloudmoon.tos-ap-southeast-1.volces.com/banner_pc_The_Great_Ace_Attorney_Chronicles-1.jpg",
    "https://cloudmoon.tos-ap-southeast-1.volces.com/banner_pc_The_Great_Ace_Attorney_Chronicles-2.jpg",
    "https://cloudmoon.tos-ap-southeast-1.volces.com/banner_pc_The_Great_Ace_Attorney_Chronicles-3.jpg"
  ]
}