{
  "icon": "https://cloudmoon-1305370474.cos.ap-singapore.myqcloud.com/cloudgame-icon/icon_Terraria.png",
  "title": "Terraria",
  "subTitle": "Sandbox / Survival",
  "desc": "احفر. قاتل. استكشف. ابنِ. عالم Terraria بين يديك! يمكنك الغوص في الكهوف الغامضة بحثًا عن الكنوز والمواد الخام لصنع معدات وآلات مذهلة، أو اختبار شجاعتك ضد أعداء أقوياء، أو بناء مدينتك الخاصة مليئة بالحلفاء الغامضين الذين ينتظرونك – كل الخيارات بين يديك.\nTerraria تجمع بين عناصر الألعاب الأكشن الكلاسيكية وحرية الإبداع بأسلوب الصندوق الرملي (sandbox)، لتقدم تجربة لعب فريدة حيث تكون الرحلة والهدف بالكامل تحت سيطرتك. كل مغامرة في Terraria فريدة تمامًا مثل اللاعبين أنفسهم.\nهل أنت مستعد لاستكشاف وبناء والدفاع عن عالمك الخاص؟",
  "images": [
    "https://cloudmoon-1305370474.cos.ap-singapore.myqcloud.com/cloudgame-icon/banner_pc_Terraria-1.jpg",
    "https://cloudmoon-1305370474.cos.ap-singapore.myqcloud.com/cloudgame-icon/banner_pc_Terraria-2.jpg",
    "https://cloudmoon-1305370474.cos.ap-singapore.myqcloud.com/cloudgame-icon/banner_pc_Terraria-3.jpg"
  ]
}