{
  "icon": "https://cloudmoon.tos-ap-southeast-1.volces.com/icon_Minecraft.png",
  "title": "Minecraft",
  "subTitle": "Simulation / Sandbox",
  "desc": "اغوص في عالم مفتوح من البناء والصناعة والبقاء في أفضل لعبة بناء صندوق رمل. اجمع الموارد، وابق على قيد الحياة في الليل، وابني كل ما يمكنك تخيله كتلة في كل مرة. استكشف واصنع طريقك عبر عالم مفتوح تمامًا، وابن مدينة من الكتل، وابدأ مزرعة، وحفر عميقًا في الأرض، وواجه أعداء غامضين، أو جرب حدود خيالك فقط!<br><br>الإمكانيات لا حصر لها. قم بالصناعة المتعددة وابدأ في البناء من الألف إلى الياء. قم بالبناء والتوسع في الوضع الإبداعي، حيث يمكنك الصناعة من موارد غير محدودة. ابق على قيد الحياة في الليل، وواجه معارك ضارية، واصنع أدوات، وصد الخطر في وضع البقاء على قيد الحياة. يمكنك المغامرة بمفردك، واكتشاف عالم لا نهائي يتم إنشاؤه عشوائيًا ومليء بالكتل للتعدين، والمناطق الحيوية للاستكشاف، والغوغاء لتصادقهم (أو تقاتلهم)!<br><br>في Minecraft، العالم هو ملكك لتشكيله!",
  "images": [
    "https://cloudmoon.tos-ap-southeast-1.volces.com/banner_pc_Minecraft-1.jpg",
    "https://cloudmoon.tos-ap-southeast-1.volces.com/banner_pc_Minecraft-2.jpg",
    "https://cloudmoon.tos-ap-southeast-1.volces.com/banner_pc_Minecraft-3.jpg"
  ]
}