{
  "icon": "https://cloudmoon.tos-ap-southeast-1.volces.com/icon_Naruto_storm4.png",
  "title": "NARUTO STORM 4",
  "subTitle": "Action / Adventure",
  "desc": "في قرية ورقة مخفية جديدة تمامًا، استمتع بمغامرات بوروتو، ابن ناروتو!<br>بينما تبذل قصارى جهدك لاجتياز اختبار التشونين، يهدد خطر جديد عالم الشينوبي.<br>هل ستكون قويًا بما يكفي لهزيمته؟<br><br>عِش قصة BORUTO: NARUTO THE MOVIE!<br>اكتشف شخصيات جديدة قابلة للعب من بينهم بوروتو وسارادا وميتسوكي<br>تَدَرَّب على إتقان الجوتسو السري الجديد<br><br>الجيل الجديد قادم!",
  "images": [
    "https://cloudmoon.tos-ap-southeast-1.volces.com/banner_pc_NARUTO_STORM_4-1.jpg",
    "https://cloudmoon.tos-ap-southeast-1.volces.com/banner_pc_NARUTO_STORM_4-2.jpg",
    "https://cloudmoon.tos-ap-southeast-1.volces.com/banner_pc_NARUTO_STORM_4-3.jpg"
  ]
}