{
  "icon": "https://cloudmoon.tos-ap-southeast-1.volces.com/icon_Old_Mans_Journey.png",
  "title": "Old Man's Journey",
  "subTitle": "Adventure / Casual",
  "desc": "Old Man’s Journey، مغامرة ألغاز للبحث عن الذات، تحكي قصة حياة وخسارة وأمل. من خلال التفاعل مع العالم من حولك، ستقوم بتشكيل المناظر الطبيعية لإنشاء طريق الرجل العجوز للمضي قدمًا. عش تجربة حسرة القلب والأمل وأنت تشرع في رحلة مؤثرة عبر عالم مشمس.",
  "images": [
    "https://cloudmoon.tos-ap-southeast-1.volces.com/banner_pc_Old_Man_Journey-1.jpg",
    "https://cloudmoon.tos-ap-southeast-1.volces.com/banner_pc_Old_Man_Journey-2.jpg",
    "https://cloudmoon.tos-ap-southeast-1.volces.com/banner_pc_Old_Man_Journey-3.jpg"
  ]
}