{
  "icon": "https://cloudmoon.tos-ap-southeast-1.volces.com/icon_Hollow_Knight.png",
  "title": "Hollow Knight",
  "subTitle": "Metroidvania / Souls-like",
  "desc": "اصنع طريقك الخاص في Hollow Knight! مغامرة حركية ملحمية عبر مملكة واسعة مدمرة من الحشرات والأبطال. استكشف الكهوف الملتوية، وحارب المخلوقات الفاسدة، وصادق الحشرات الغريبة، كل ذلك بأسلوب كلاسيكي مرسوم باليد ثنائي الأبعاد.",
  "images": [
    "https://cloudmoon.tos-ap-southeast-1.volces.com/banner_pc_Hollow_Knight-1.jpg",
    "https://cloudmoon.tos-ap-southeast-1.volces.com/banner_pc_Hollow_Knight-2.jpg",
    "https://cloudmoon.tos-ap-southeast-1.volces.com/banner_pc_Hollow_Knight-3.jpg"
  ]
}