{
  "icon": "https://cloudmoon.tos-ap-southeast-1.volces.com/icon_Firewatch.png",
  "title": "Firewatch",
  "subTitle": "Adventure / Atmospheric",
  "desc": "Firewatch هو لغز من منظور الشخص الأول للاعب واحد تدور أحداثه في برية وايومنغ.<br><br>السنة هي 1989. أنت رجل اسمه هنري انسحب من حياته الفوضوية ليعمل كحارس مراقبة للحرائق في برية وايومنغ. يقع عالياً فوق جبل، مهمتك هي البحث عن الدخان والحفاظ على البرية آمنة. صيف حار وجاف بشكل خاص جعل الجميع متوترين. المشرف عليك ديلايلا متاحة لك في جميع الأوقات عبر جهاز راديو صغير محمول باليد - اتصالك الوحيد بالعالم الذي تركته وراءك. ولكن عندما يجذبك شيء غريب خارج برج المراقبة الخاص بك إلى الغابة، ستستكشف بيئة برية وغير معروفة، وتواجه أسئلة وتتخذ خيارات يمكن أن تبني أو تدمر العلاقة الهادفة الوحيدة التي لديك.",
  "images": [
    "https://cloudmoon.tos-ap-southeast-1.volces.com/banner_pc_Firewatch-1.jpg",
    "https://cloudmoon.tos-ap-southeast-1.volces.com/banner_pc_Firewatch-2.jpg",
    "https://cloudmoon.tos-ap-southeast-1.volces.com/banner_pc_Firewatch-3.jpg"
  ]
}