{
  "icon": "https://cloudmoon.tos-ap-southeast-1.volces.com/icon_Sudoku_Classic_2.png",
  "title": "Sudoku Classic 2",
  "subTitle": "Puzzle",
  "desc": "سودوكو قابلة للتخصيص مع شعور الكتابة بقلم على الورق وسهولة لعب لعبة فيديو.<br>إنها لعبة فيديو، لكن يمكنك لعبها كما لو كنت تكتب بقلم على الورق.<br>يمكنك تخصيص وظائف المساعدة حسب رغبتك.<br><br>● قم بتخصيص وظائف المساعدة واللعب بالإعدادات التي تفضلها.<br><br>● يمكن لعب اللعبة في أي وقت وفي أي مكان، حتى لو استغرقت وقتًا طويلاً.<br><br>● يتم دعم أدوات التحكم باللمس.<br>تجعل أدوات التحكم باللمس من السهل اللعب بشكل عرضي.<br><br>● هناك ما مجموعه 300 مشكلة في مستويات الصعوبة السهل والعادي والصعب.<br>هناك 300 مشكلة في ثلاثة مستويات صعوبة: سهل، عادي، وصعب.",
  "images": [
    "https://cloudmoon.tos-ap-southeast-1.volces.com/banner_pc_Sudoku_Classic_2-1.jpg",
    "https://cloudmoon.tos-ap-southeast-1.volces.com/banner_pc_Sudoku_Classic_2-2.jpg",
    "https://cloudmoon.tos-ap-southeast-1.volces.com/banner_pc_Sudoku_Classic_2-3.jpg"
  ]
}