{
  "icon": "https://cloudmoon.tos-ap-southeast-1.volces.com/icon_Slay_the_Spire.png",
  "title": "Slay the Spire",
  "subTitle": "Roguelike Deckbuilder / Card Game",
  "desc": "لقد دمجنا ألعاب الورق وألعاب roguelikes معًا لنصنع أفضل لعبة بناء سطح السفينة للاعب واحد يمكننا صنعها. اصنع سطحًا فريدًا، واقابل مخلوقات غريبة، واكتشف آثارًا ذات قوة هائلة، واذبح البرج!",
  "images": [
    "https://cloudmoon.tos-ap-southeast-1.volces.com/banner_pc_Slay_the_Spire-1.jpg",
    "https://cloudmoon.tos-ap-southeast-1.volces.com/banner_pc_Slay_the_Spire-2.jpg",
    "https://cloudmoon.tos-ap-southeast-1.volces.com/banner_pc_Slay_the_Spire-3.jpg"
  ]
}