{
  "icon": "https://cloudmoon.tos-ap-southeast-1.volces.com/icon_Stardew_Valley.png",
  "title": "Stardew Valley",
  "subTitle": "Farming Sim / Pixel Graphics",
  "desc": "لقد ورثت قطعة أرض مزرعة جدك القديمة في Stardew Valley. مسلحًا بأدوات مستعملة وبعض العملات المعدنية، انطلق لتبدأ حياتك الجديدة. هل يمكنك أن تتعلم العيش على الأرض وتحويل هذه الحقول المتضخمة إلى منزل مزدهر؟ لن يكون الأمر سهلاً. فمنذ مجيء شركة جوجا إلى المدينة، اختفت طرق الحياة القديمة تقريبًا. ومركز المجتمع، الذي كان في يوم من الأيام أكثر مراكز النشاط حيوية في المدينة، أصبح الآن في حالة خراب. لكن الوادي يبدو مليئًا بالفرص. وبقليل من التفاني، قد تكون أنت الشخص الذي يعيد Stardew Valley إلى عظمتها!",
  "images": [
    "https://cloudmoon.tos-ap-southeast-1.volces.com/banner_pc_Stardew_Valley-1.jpg",
    "https://cloudmoon.tos-ap-southeast-1.volces.com/banner_pc_Stardew_Valley-2.jpg",
    "https://cloudmoon.tos-ap-southeast-1.volces.com/banner_pc_Stardew_Valley-3.jpg"
  ],
  "metaTitle": "Play Stardew Valley Online for Free on PC & Mobile | CloudMoon",
  "metaDesc": "Play Stardew Valley of the Light instantly in browser without downloading. Enjoy lag-free, low latency, and high-quality gaming experience while playing this role playing game."
}