{
  "icon": "https://cloudmoon.tos-ap-southeast-1.volces.com/JoJos_Bizarre_Adventure_All_Star_Battle_R.png",
  "title": "JoJo's Bizarre Adventure: All-Star Battle R",
  "subTitle": "Anime / Action",
  "desc": "تشتهر بأبطالها الكاريزميين، وأسلوبها الفني المذهل، وعباراتها التي لا تُنسى (“يا ياري دازي…”)، وتأتي دفعة أخرى من JoJo’s Bizarre Adventure بضربة أخرى! JoJo's Bizarre Adventure: All-Star Battle R!<br><br>• صور مذهلة أصيلة بأسلوب هيروهيكو أراكي<br><br>• 50 شخصية قابلة للعب من جميع أجزاء JoJo<br><br>• مجموعة متنوعة من أوضاع اللعب",
  "images": [
    "https://cloudmoon.tos-ap-southeast-1.volces.com/banner_pc_JoJos_Bizarre_Adventure_BattleR-1.jpg",
    "https://cloudmoon.tos-ap-southeast-1.volces.com/banner_pc_JoJos_Bizarre_Adventure_BattleR-2.jpg",
    "https://cloudmoon.tos-ap-southeast-1.volces.com/banner_pc_JoJos_Bizarre_Adventure_BattleR-3.jpg"
  ]
}