{
  "icon": "https://cloudmoon.tos-ap-southeast-1.volces.com/icon_Baba_Is_You.png",
  "title": "Baba Is You",
  "subTitle": "Puzzle / Indie",
  "desc": "Baba Is You هي لعبة ألغاز حائزة على جوائز حيث يمكنك تغيير القواعد التي تلعب بها. في كل مستوى، تكون القواعد نفسها موجودة ككتل يمكنك التفاعل معها؛ عن طريق التلاعب بها، يمكنك تغيير طريقة عمل المستوى والتسبب في تفاعلات مفاجئة وغير متوقعة! ببعض الدفع البسيط للكتل، يمكنك أن تتحول إلى صخرة، وتحويل بقع العشب إلى عقبات ساخنة وخطيرة، وحتى تغيير الهدف الذي يجب أن تصل إليه إلى شيء مختلف تمامًا.<br><br>تحتوي اللعبة على أكثر من 200 مستوى تجريبية لآليات اللعبة بعدة طرق، مما يتطلب من اللاعب فهم قواعد اللعبة والتلاعب بها واكتشاف طرق خادعة لجعل الأشياء في عالم اللعبة تتفاعل.",
  "images": [
    "https://cloudmoon.tos-ap-southeast-1.volces.com/banner_pc_Baba_Is_You-1.jpg",
    "https://cloudmoon.tos-ap-southeast-1.volces.com/banner_pc_Baba_Is_You-2.jpg",
    "https://cloudmoon.tos-ap-southeast-1.volces.com/banner_pc_Baba_Is_You-3.jpg"
  ]
}