{
  "icon": "https://cloudmoon.tos-ap-southeast-1.volces.com/icon_Valiant_Hearts_Coming_Home.jpg",
  "title": "Valiant Hearts: Coming Home",
  "subTitle": "Adventure / Platformer",
  "desc": "في Valiant Hearts: Coming Home، العب بشخصية أربعة شخصيات من خلال الاستكشاف والحركة والألغاز.<br><br>مع جيمس، شقيق فريدي الشجاع، عش من جديد قصة Harlem Hellfighters الشهيرة. اتبع جورج، طيار غامض يساعد قوات الحلفاء بفضل مهاراته في الطيران وذكائه. العب بشخصية إرنست، غواص ألماني جرف بشكل مأساوي في الصراع الكبير. أخيرًا، انضم إلى آنا مرة أخرى وهي تكافح في مهمتها لإنقاذ أكبر عدد ممكن من الأرواح.",
  "images": [
    "https://cloudmoon.tos-ap-southeast-1.volces.com/banner_pc_Valiant_Hearts_Coming_Home-1.jpg",
    "https://cloudmoon.tos-ap-southeast-1.volces.com/banner_pc_Valiant_Hearts_Coming_Home-2.jpg",
    "https://cloudmoon.tos-ap-southeast-1.volces.com/banner_pc_Valiant_Hearts_Coming_Home-3.jpg"
  ]
}