{
  "icon": "https://cloudmoon.tos-ap-southeast-1.volces.com/icon_Cuphead.png",
  "title": "Cuphead",
  "subTitle": "Difficult / Cartoon",
  "desc": "Cuphead هي لعبة إطلاق نار كلاسيكية تركز بشكل كبير على معارك الزعماء. مستوحاة من رسوم الكاريكاتير في الثلاثينيات من القرن الماضي، تم إنشاء المرئيات والصوت بدقة باستخدام نفس تقنيات العصر، أي الرسوم المتحركة التقليدية المرسومة باليد، والخلفيات المائية، وتسجيلات الجاز الأصلية.<br><br>العب بشخصية Cuphead أو Mugman وأنت تتجول في عوالم غريبة، وتحصل على أسلحة جديدة، وتتعلم حركات خارقة قوية، وتكتشف أسرارًا خفية بينما تحاول سداد دينك للشيطان!",
  "images": [
    "https://cloudmoon.tos-ap-southeast-1.volces.com/banner_pc_Cuphead-1.jpg",
    "https://cloudmoon.tos-ap-southeast-1.volces.com/banner_pc_Cuphead-2.jpg",
    "https://cloudmoon.tos-ap-southeast-1.volces.com/banner_pc_Cuphead-3.jpg"
  ]
}