{
  "icon": "https://cloudmoon.tos-ap-southeast-1.volces.com/icon_Valiant_Hearts_The_Great_War.png",
  "title": "Valiant Hearts: The Great War",
  "subTitle": "Atmospheric / historical",
  "desc": "هذه قصة مصائر متقاطعة وحب مكسور في عالم ممزق.<br>سيحاولون جميعًا النجاة من رعب الخنادق باتباع رفيقهم المخلص من الكلاب.<br>في Valiant Hearts، تترابط حياة كل هذه الشخصيات بشكل لا ينفصم على مدار اللعبة. الصداقة والحب والتضحية والمأساة تصيب كل واحد منهم بينما يساعدون بعضهم البعض للحفاظ على إنسانيتهم في مواجهة أهوال الحرب.",
  "images": [
    "https://cloudmoon.tos-ap-southeast-1.volces.com/banner_pc_Valiant_Hearts-1.jpg",
    "https://cloudmoon.tos-ap-southeast-1.volces.com/banner_pc_Valiant_Hearts-2.jpg",
    "https://cloudmoon.tos-ap-southeast-1.volces.com/banner_pc_Valiant_Hearts-3.jpg"
  ]
}