{
  "icon": "https://cloudmoon.tos-ap-southeast-1.volces.com/icon_icon_Into_The_Breach.png",
  "title": "Into The Breach",
  "subTitle": "Turn-Based Strategy / Indie",
  "desc": "تتعرض بقايا الحضارة الإنسانية للتهديد من قبل مخلوقات عملاقة تتكاثر تحت الأرض. يجب أن تتحكم في ميكانيكيين أقوياء من المستقبل لصد هذا التهديد الفضائي. تقدم كل محاولة لإنقاذ العالم تحديًا جديدًا يتم إنشاؤه عشوائيًا في هذه اللعبة الإستراتيجية القائمة على الأدوار من صناع FTL.<br>الميزات الرئيسية:<br>دافع عن المدن: المباني المدنية تمنح الطاقة لميكانيكيك. دافع عنهم من الـ Vek واحذر من نيرانك!<br>أتقن استراتيجيتك: يتم الإعلان عن جميع هجمات العدو في قتال بسيط قائم على الأدوار. حلل هجوم خصمك واوجد الهجوم المضاد المثالي في كل دور.<br>ابنِ الميكانيكي المطلق: ابحث عن أسلحة جديدة قوية وطيارين فريدين بينما تقاتل غزو الـ Vek عبر جزر Corporate-Nation.<br>فرصة أخرى: الفشل ليس خيارًا. عندما تهزم، أرسل المساعدة عبر الزمن لإنقاذ خط زمني آخر!",
  "images": [
    "https://cloudmoon.tos-ap-southeast-1.volces.com/banner_pc_Into_The_Breach-1.jpg",
    "https://cloudmoon.tos-ap-southeast-1.volces.com/banner_pc_Into_The_Breach-2.jpg",
    "https://cloudmoon.tos-ap-southeast-1.volces.com/banner_pc_Into_The_Breach-3.jpg"
  ]
}