{
  "icon": "https://cloudmoon.tos-ap-southeast-1.volces.com/icon_Two_Point_Campus.png",
  "title": "Two Point Campus",
  "subTitle": "Management / Simulation",
  "desc": "ابنِ جامعتك، على طريقتك!<br><br>حان الوقت لقلب الأكاديمية رأسًا على عقب! هل لديك شغف بالتعلم؟ أو مجرد حرص على بناء تحفة تعليمية؟ الحرم الجامعي مليء بأدوات إبداعية جديدة لمساعدتك في بناء جامعة أحلامك.<br><br>لأول مرة، ابنِ في الهواء الطلق وأنت تطور بيئة الحرم الجامعي التعليمية المبهجة الخاصة بك، والتي تضم أفضل مرافق التدريس في البلاد. سواء كنت تفضل البناء على أسس بسيطة، أو تريد وضع كل شجرة، يمكنك بناء الجامعة التي تريدها.<br><br>ارسم المسارات باستخدام أدوات جديدة سهلة الاستخدام. ازرع مجموعات رائعة من النباتات الخارجية. ضع المقاعد، والنوافير، والمنحوتات، والأسوار النباتية - حتى أسوار الأوتاد. الحد الوحيد هو خيالك (ورصيدك في اللعبة).",
  "images": [
    "https://cloudmoon.tos-ap-southeast-1.volces.com/banner_pc_Two_Point_Campus-1.jpg",
    "https://cloudmoon.tos-ap-southeast-1.volces.com/banner_pc_Two_Point_Campus-2.jpg",
    "https://cloudmoon.tos-ap-southeast-1.volces.com/banner_pc_Two_Point_Campus-3.jpg"
  ]
}