{
  "icon": "https://cloudmoon.tos-ap-southeast-1.volces.com/icon_Undertale.png",
  "title": "Undertale",
  "subTitle": "Great Soundtrack / Story Rich",
  "desc": "مرحبًا بك في UNDERTALE. في لعبة تقمص الأدوار هذه، تتحكم في إنسان يسقط تحت الأرض في عالم الوحوش. الآن يجب أن تجد طريقك للخروج... أو أن تظل محاصرًا إلى الأبد.",
  "images": [
    "https://cloudmoon.tos-ap-southeast-1.volces.com/banner_pc_Undertale-1.jpg",
    "https://cloudmoon.tos-ap-southeast-1.volces.com/banner_pc_Undertale-2.jpg",
    "https://cloudmoon.tos-ap-southeast-1.volces.com/banner_pc_Undertale-3.jpg"
  ]
}