{
  "icon": "https://cloudmoon.tos-ap-southeast-1.volces.com/icon_Resident_Evil_4.png",
  "title": "Resident Evil 4",
  "subTitle": "Horror / Action",
  "desc": "البقاء على قيد الحياة هو مجرد البداية.<br><br>مرت ست سنوات على الكارثة البيولوجية في مدينة راكون.<br>تم إرسال العميل ليون إس. كينيدي، أحد الناجين من الحادث، لإنقاذ ابنة الرئيس المخطوفة.<br>يتعقبها إلى قرية أوروبية منعزلة، حيث يوجد شيء خاطئ للغاية مع السكان المحليين.<br>ويرتفع الستار على هذه القصة من الإنقاذ الجريء والرعب المنهك حيث تتقاطع الحياة والموت والرعب والتطهير.<br><br>تتميز بأسلوب لعب حديث، وقصة معاد تخيلها، ورسومات مفصلة بشكل واضح،<br>تمثل Resident Evil 4 ولادة جديدة لعملاق صناعي.<br><br>عش من جديد الكابوس الذي أحدث ثورة في رعب البقاء على قيد الحياة.",
  "images": [
    "https://cloudmoon.tos-ap-southeast-1.volces.com/banner_pc_Resident_Evil_4-1.jpg",
    "https://cloudmoon.tos-ap-southeast-1.volces.com/banner_pc_Resident_Evil_4-2.jpg",
    "https://cloudmoon.tos-ap-southeast-1.volces.com/banner_pc_Resident_Evil_4-3.jpg"
  ]
}