{
  "icon": "https://cloudmoon.tos-ap-southeast-1.volces.com/icon_DRAGONZ.png",
  "title": "DRAGON BALL FighterZ",
  "subTitle": "Fighting / Anime",
  "desc": "ولدت لعبة DRAGON BALL FighterZ من ما يجعل سلسلة DRAGON BALL محبوبة ومشهورة للغاية: قتالات لا نهاية لها ومذهلة مع مقاتليها الأقوياء.<br><br>من خلال الشراكة مع Arc System Works، تزيد DRAGON BALL FighterZ من رسومات الأنمي عالية الجودة وتقدم طريقة لعب قتالية سهلة التعلم ولكن يصعب إتقانها.",
  "images": [
    "https://cloudmoon.tos-ap-southeast-1.volces.com/banner_pc_DRAGON_BALL_FighterZ-1.jpg",
    "https://cloudmoon.tos-ap-southeast-1.volces.com/banner_pc_DRAGON_BALL_FighterZ-2.jpg",
    "https://cloudmoon.tos-ap-southeast-1.volces.com/banner_pc_DRAGON_BALL_FighterZ-3.jpg"
  ]
}