{
  "icon": "https://cloudmoon.tos-ap-southeast-1.volces.com/icon_Human_Fall_Flat.png",
  "title": "Human: Fall Flat",
  "subTitle": "Adventure / Funny",
  "desc": "Human Fall Flat هي لعبة منصات فيزيائية مضحكة وممتعة تدور أحداثها في عالم من المناظر الطبيعية الحالمة العائمة.<br><br>يوفر كل مستوى حالم بيئة جديدة للتنقل فيها، من القصور والقلاع والمغامرات الأزتكية إلى الجبال الثلجية والمناظر الليلية المخيفة والمواقع الصناعية. تضمن المسارات المتعددة عبر كل مستوى، والألغاز المرحة تمامًا، مكافأة الاستكشاف والإبداع.<br><br>هل تحتاج إلى يد للمساعدة في وضع تلك الصخرة على المنجنيق، أو هل تحتاج إلى شخص لهدم ذلك الجدار؟<br><br>إنسانك ملكك لتخصيصه. بأزياء تتراوح من البنّاء إلى الطاهي، والمظلي، والعامل في منجم، ورائد الفضاء، والنينجا. اختر رأسك والجزء العلوي والجزء السفلي من جسمك وكن مبدعًا بالألوان!",
  "images": [
    "https://cloudmoon.tos-ap-southeast-1.volces.com/banner_pc_Human_Fall_Flat-1.jpg",
    "https://cloudmoon.tos-ap-southeast-1.volces.com/banner_pc_Human_Fall_Flat-2.jpg",
    "https://cloudmoon.tos-ap-southeast-1.volces.com/banner_pc_Human_Fall_Flat-3.jpg"
  ]
}