{
  "icon": "https://cloudmoon.tos-ap-southeast-1.volces.com/icon_My_Time_At_Portia.png",
  "title": "My Time At Portia",
  "subTitle": "Life Sim / RPG",
  "desc": "ابدأ حياة جديدة في مدينة بورتيا الساحرة! أعد ورشة عمل والدك المهملة إلى مجدها السابق من خلال تلبية العمولات، وزراعة المحاصيل، وتربية الحيوانات، وتكوين صداقات مع السكان غريب الأطوار في هذه الأرض الساحرة ما بعد نهاية العالم!<br><br>مسلحًا بكتيب والدك القديم ومنضدة العمل، يجب أن تجمع وتعدن وتصنع طريقك لتتوج كأفضل ورشة عمل في بورتيا. ساعد السكان المحليين على إعادة بناء المدينة واكشف عن الأسرار المحبوسة في أعماقها. كن مستعدًا، رغم ذلك... لن يكون الأمر سهلاً!<br><br>مدينة بورتيا مليئة بالوجوه الجديدة الودودة التي يمكنك مقابلتها. كون صداقات، وأكمل الطلبات، وتبادل الهدايا، واذهب في مواعيد غرامية، ودع الرومانسية تزدهر!<br><br>مستوحاة من سحر Studio Ghibli، تنقلك My Time at Portia إلى عالم من العجائب لن تنساه. كيف ستقضي وقتك في بورتيا؟",
  "images": [
    "https://cloudmoon.tos-ap-southeast-1.volces.com/banner_pc_My_Time_at_Portia-1.jpg",
    "https://cloudmoon.tos-ap-southeast-1.volces.com/banner_pc_My_Time_at_Portia-2.jpg",
    "https://cloudmoon.tos-ap-southeast-1.volces.com/banner_pc_My_Time_at_Portia-3.jpg"
  ]
}