{
  "icon": "https://cloudmoon.tos-ap-southeast-1.volces.com/icon_Sid_Meiers_Civilization_VI.png",
  "title": "Sid Meier's Civilization VI",
  "subTitle": "Strategy / Turn-Based Strategy",
  "desc": "تقدم Civilization VI طرقًا جديدة للتفاعل مع عالمك: تتوسع المدن الآن فعليًا عبر الخريطة، والبحث النشط في التكنولوجيا والثقافة يطلق العنان لإمكانات جديدة، وسيتبع القادة المتنافسون أجنداتهم الخاصة بناءً على سماتهم التاريخية بينما تتسابق لتحقيق أحد الطرق الخمسة لتحقيق النصر في اللعبة.",
  "images": [
    "https://cloudmoon.tos-ap-southeast-1.volces.com/banner_pc_Sid_Meier_s_Civilization_VI-1.jpg",
    "https://cloudmoon.tos-ap-southeast-1.volces.com/banner_pc_Sid_Meier_s_Civilization_VI-2.jpg",
    "https://cloudmoon.tos-ap-southeast-1.volces.com/banner_pc_Sid_Meier_s_Civilization_VI-3.jpg"
  ]
}