{
  "icon": "https://cloudmoon.tos-ap-southeast-1.volces.com/icon_Dead_Cells.png",
  "title": "Dead Cells",
  "subTitle": "Adventure / Action Roguelike",
  "desc": "Dead Cells هي لعبة منصات حركة roguelite، مستوحاة من metroidvania. ستستكشف قلعة مترامية الأطراف ومتغيرة باستمرار... على افتراض أنك قادر على شق طريقك متجاوزًا حراسها في قتال souls-lite ثنائي الأبعاد. لا توجد نقاط تفتيش. اقتل، مت، تعلم، كرر.<br><br>تضعك Dead Cells في السيطرة على تجربة كيميائية فاشلة تحاول معرفة ما يحدث على جزيرة مترامية الأطراف، ومتغيرة باستمرار، ويبدو أنها ملعونة. خالد ولكن مشلول، ملاذك الأخير هو السيطرة على الأجسام من أجل التحرك، والاستكشاف... والقتال.<br><br>على الرغم من أنك قد تكون خالدًا، فإن الجثث التي تمتلكها ليست كذلك. في كل مرة يتم فيها تدمير مضيفك، سيتم إرسالك مرة أخرى إلى الزنزانة لتجد لنفسك واحدًا جديدًا وتبدأ من جديد...",
  "images": [
    "https://cloudmoon.tos-ap-southeast-1.volces.com/banner_pc_Dead Cells-1.jpg",
    "https://cloudmoon.tos-ap-southeast-1.volces.com/banner_pc_Dead Cells-2.jpg",
    "https://cloudmoon.tos-ap-southeast-1.volces.com/banner_pc_Dead Cells-3.jpg"
  ]
}