{
  "icon": "https://cloudmoon.tos-ap-southeast-1.volces.com/icon_GRIS.png",
  "title": "GRIS",
  "subTitle": "Beautiful / Atmospheric",
  "desc": "غريس هي فتاة شابة يائسة تائهة في عالمها الخاص، تتعامل مع تجربة مؤلمة في حياتها. تتجلى رحلتها عبر الحزن في فستانها، الذي يمنحها قدرات جديدة للتنقل بشكل أفضل في واقعها الباهت. مع تقدم القصة، ستنمو غريس عاطفيًا وسترى عالمها بطريقة مختلفة، وتكشف عن مسارات جديدة لاستكشافها باستخدام قدراتها الجديدة.<br><br>GRIS هي تجربة هادئة وموحية، خالية من الخطر أو الإحباط أو الموت. سيستكشف اللاعبون عالمًا مصممًا بدقة تم إحياؤه بفن دقيق ورسوم متحركة مفصلة وموسيقى تصويرية أصلية أنيقة. خلال اللعبة، ستظهر الألغاز الخفيفة، وتسلسلات المنصات، والتحديات الاختيارية القائمة على المهارة كلما أصبح المزيد من أجزاء عالم غريس قابلاً للوصول.<br><br>GRIS هي تجربة لا تحتوي على أي نص تقريبًا، فقط تذكيرات تحكم بسيطة موضحة عبر أيقونات عالمية. يمكن لأي شخص الاستمتاع باللعبة بغض النظر عن لغتهم المنطوقة.",
  "images": [
    "https://cloudmoon.tos-ap-southeast-1.volces.com/banner_pc_GRIS-1.jpg",
    "https://cloudmoon.tos-ap-southeast-1.volces.com/banner_pc_GRIS-2.jpg",
    "https://cloudmoon.tos-ap-southeast-1.volces.com/banner_pc_GRIS-3.jpg"
  ]
}