{
  "icon": "https://cloudmoon.tos-ap-southeast-1.volces.com/icon_Celeste.png",
  "title": "Celeste",
  "subTitle": "Precision Platformer / Difficult",
  "desc": "ساعد مادلاين في التغلب على شياطينها الداخلية في رحلتها إلى قمة جبل سيليست، في لعبة المنصات فائقة الدقة هذه من صناع TowerFall. واجه مئات التحديات المصنوعة يدويًا، واكتشف أسرارًا خادعة، واجمع لغز الجبل.",
  "images": [
    "https://cloudmoon.tos-ap-southeast-1.volces.com/banner_pc_Celeste-1.jpg",
    "https://cloudmoon.tos-ap-southeast-1.volces.com/banner_pc_Celeste-2.jpg",
    "https://cloudmoon.tos-ap-southeast-1.volces.com/banner_pc_Celeste-3.jpg"
  ]
}