{
  "icon": "https://cloudmoon.tos-ap-southeast-1.volces.com/icon_Dont_Starve_Together.png",
  "title": "Don't Starve Together",
  "subTitle": "Survival / Open World",
  "desc": "قاتل وازرع وابنِ واستكشف في توسعة لعبة البقاء على قيد الحياة في البرية دون أي تنازلات، Don't Starve.<br><br>ادخل عالمًا غريبًا وغير مستكشف مليء بالمخلوقات الغريبة، والأخطار الخفية، والأسرار القديمة. اجمع الموارد لصناعة العناصر وبناء الهياكل التي تتناسب مع أسلوب بقائك. العب على طريقتك بينما تكشف عن أسرار \"\"الثابت\"\".<br><br>افعل ما يلزم، ولكن الأهم من ذلك كله، لا تجوع معًا.",
  "images": [
    "https://cloudmoon.tos-ap-southeast-1.volces.com/banner_pc_Dont_Starve_Together-1.jpg",
    "https://cloudmoon.tos-ap-southeast-1.volces.com/banner_pc_Dont_Starve_Together-2.jpg",
    "https://cloudmoon.tos-ap-southeast-1.volces.com/banner_pc_Dont_Starve_Together-3.jpg"
  ]
}