{
  "icon": "https://cloudmoon.tos-ap-southeast-1.volces.com/icon_Balatro.png",
  "title": "Balatro",
  "subTitle": "Card Game / Roguelike Deckbuilder",
  "desc": "Balatro هي لعبة بناء سطح السفينة roguelike مستوحاة من لعبة البوكر تركز على إنشاء تآزر قوي والفوز بمبالغ كبيرة.<br><br>اجمع بين أيدي البوكر الصالحة وبطاقات الجوكر الفريدة لإنشاء تآزر وبناءات متنوعة. اربح ما يكفي من الرقائق للتغلب على التعمية الغادرة، كل ذلك أثناء الكشف عن أيدي ومجموعات إضافية خفية كلما تقدمت. ستحتاج إلى كل ميزة يمكنك الحصول عليها للوصول إلى تعمية الزعيم، والتغلب على الرهان النهائي وتأمين النصر.",
  "images": [
    "https://cloudmoon.tos-ap-southeast-1.volces.com/banner_pc_Balatro-1.jpg",
    "https://cloudmoon.tos-ap-southeast-1.volces.com/banner_pc_Balatro-2.jpg",
    "https://cloudmoon.tos-ap-southeast-1.volces.com/banner_pc_Balatro-3.jpg"
  ]
}