{
  "icon": "https://cloudmoon.tos-ap-southeast-1.volces.com/icon_DAVE_THE_DIVER.png",
  "title": "DAVE THE DIVER",
  "subTitle": "Pixel Graphics / Casual",
  "desc": "DAVE THE DIVER هي لعبة تقمص أدوار ومغامرات عادية للاعب واحد تتميز باستكشاف أعماق البحار وصيد الأسماك خلال النهار وإدارة مطعم سوشي في الليل. انضم إلى ديف وأصدقائه الغريبين وهم يسعون للكشف عن أسرار الثقب الأزرق الغامض.",
  "images": [
    "https://cloudmoon.tos-ap-southeast-1.volces.com/banner_pc_DAVE_THE_DIVER-1.jpg",
    "https://cloudmoon.tos-ap-southeast-1.volces.com/banner_pc_DAVE_THE_DIVER-2.jpg",
    "https://cloudmoon.tos-ap-southeast-1.volces.com/banner_pc_DAVE_THE_DIVER-3.jpg"
  ]
}