{
  "icon": "https://cloudmoon.tos-ap-southeast-1.volces.com/icon_13_Sentinels_Aegis_Rim.png",
  "title": "13 Sentinels: Aegis Rim",
  "subTitle": "Text Adventure / Combat Simulation",
  "desc": "Vanillaware، رواة القصص خلف Odin Sphere وDragon’s Crown، يصنعون ملحمة خيال علمي غامضة تمتد على ثلاثة عشر قصة متشابكة. اكتشف الحقيقة واغوص في مغامرة ثنائية الأبعاد تمرير جانبي تتميز بفن وبيئات رائعة. ثم، حارب الكايجو في قتال سريع الوتيرة ومن أعلى لأسفل. قم بتخصيص السنتينل بترسانة من أسلحة البدلة الميكانيكية، وقاتل للدفاع عن الإنسانية!",
  "images": [
    "https://cloudmoon.tos-ap-southeast-1.volces.com/banner_pc_13_Sentinels-1.png",
    "https://cloudmoon.tos-ap-southeast-1.volces.com/banner_pc_13_Sentinels-2.png",
    "https://cloudmoon.tos-ap-southeast-1.volces.com/banner_pc_13_Sentinels-3.png"
  ]
}