{
  "icon": "https://cloudmoon.tos-ap-southeast-1.volces.com/icon_Apex_Heroines.png",
  "title": "Apex Heroines",
  "subTitle": "Action / RPG",
  "desc": "Apex Heroines هي لعبة حركة خيال علمي خفيفة ثلاثية الأبعاد تركز على المعارك سريعة الوتيرة والمبهجة، مع أدوار متعددة للاختيار من بينها، وأزياء جميلة، ومجموعة متنوعة من الأنماط لإنشائها كما يحلو لك، بحيث لا تبدو رائعة فحسب، بل إنها أفضل للعب!",
  "images": [
    "https://cloudmoon.tos-ap-southeast-1.volces.com/banner_pc_Apex_Heroines-1.jpg",
    "https://cloudmoon.tos-ap-southeast-1.volces.com/banner_pc_Apex_Heroines-2.jpg",
    "https://cloudmoon.tos-ap-southeast-1.volces.com/banner_pc_Apex_Heroines-3.jpg"
  ]
}