{
  "icon": "https://cloudmoon.tos-ap-southeast-1.volces.com/icon_Hades.png",
  "title": "Hades",
  "subTitle": "Action Roguelike / Hack and Slash",
  "desc": "Hades هي لعبة زحف زنزانة roguelike شبيهة بالإله تجمع بين أفضل جوانب عناوين Supergiant التي نالت استحسان النقاد، بما في ذلك الحركة سريعة الوتيرة في Bastion، والأجواء الغنية وعمق Transistor، وسرد القصص المعتمد على الشخصيات في Pyre.",
  "images": [
    "https://cloudmoon.tos-ap-southeast-1.volces.com/banner_pc_Hades-1.jpg",
    "https://cloudmoon.tos-ap-southeast-1.volces.com/banner_pc_Hades-2.jpg",
    "https://cloudmoon.tos-ap-southeast-1.volces.com/banner_pc_Hades-3.jpg"
  ]
}