{
  "icon": "https://cloudmoon.tos-ap-southeast-1.volces.com/icon_Outer_Wilds.png",
  "title": "Outer Wilds",
  "subTitle": "Exploration / Space",
  "desc": "الفائز بجائزة 'أفضل لعبة' في حفل توزيع جوائز BAFTA للألعاب 2020 والذي تم اختياره 'لعبة العام 2019' من قبل Giant Bomb وPolygon وEurogamer وThe Guardian، Outer Wilds هو لغز عالم مفتوح حائز على استحسان النقاد وحائز على جوائز حول نظام شمسي محاصر في حلقة زمنية لا نهاية لها.<br><br>مرحبًا بك في برنامج الفضاء!<br>أنت أحدث مجند في Outer Wilds Ventures، وهو برنامج فضاء ناشئ يبحث عن إجابات في نظام شمسي غريب ومتطور باستمرار.<br><br>أسرار النظام الشمسي...<br>ما الذي يتربص في قلب الشوكة المظلمة المشؤومة؟ من بنى الآثار الفضائية على القمر؟ هل يمكن إيقاف الحلقة الزمنية اللانهائية؟ الإجابات في انتظارك في أخطر مناطق الفضاء.",
  "images": [
    "https://cloudmoon.tos-ap-southeast-1.volces.com/banner_pc_Outer_Wilds-1.jpg",
    "https://cloudmoon.tos-ap-southeast-1.volces.com/banner_pc_Outer_Wilds-2.jpg",
    "https://cloudmoon.tos-ap-southeast-1.volces.com/banner_pc_Outer_Wilds-3.jpg"
  ]
}