{
  "images": [
    "https://play-lh.googleusercontent.com/XR5uRvBO2T_wG7l9sMdvUPTe5e3p4BBWRnRhNXITFyz0l3lljB-ZneFl0GSUiyBdnX0=w526-h296-rw",
    "https://play-lh.googleusercontent.com/3x6yfPx7YBaAsZpx-eKE_zBgQxypy4-eUHMDmJ0NPcGHFB9qGkhIfwu59fQ8dsZwNnw=w526-h296-rw",
    "https://play-lh.googleusercontent.com/LbpRIwQwXYH58g64ONShFHxHnNp7j0SALYfJSlWN0o8HHQe7y8JkEoiKoh-081cWoesU=w526-h296-rw",
    "https://play-lh.googleusercontent.com/J_C18Dzw8cTPmJWpICTL6D56pFLcDV3Xr_DRQUJBiOMvBeA322APhm7DmUD9_UApMA=w526-h296-rw",
    "https://play-lh.googleusercontent.com/U-axpmZcof80I7xlWhInWxey8RxLkFhnSPlOTrDjDgc6kPwlBOQ4nEHcjwiy_5T71DA=w526-h296-rw"
  ],
  "title": "GIRLS' FRONTLINE 2: EXILIUM",
  "icon": "https://play-lh.googleusercontent.com/C8S1zS4NG50kdMeDEPVHjLqPK07dlfVE9Fpfsp3jILjQ5PD7qRDJLkoi5pC9hItU17I=w240-h480-rw",
  "subTitle": "Role Playing/Tactical",
  "desc": "The end of an era, the dawn of another; the fall of a faction, the rise of another... The torchbearers shall shine upon the brave new world.<br>After severing ties with G&K, the Commander bid farewell to the past and chose to venture into the contamination zones. During their journey, the Commander encountered more and more individuals and Tactical Dolls. Each with their own unique stories, they became indispensable members of the Commander's team. The Commander, who only sought to complete bounty missions smoothly and earn a stable income, was unexpectedly ambushed during what appeared to be a routine transport mission. Far from the bustling vortex, it became clear that the Commander had been drawn into an even larger maelstrom...<br>Girls' Frontline 2: Exilium is a 3D strategy RPG for both PC and Mobile. In this game, you will fully experience:<br>[3D Immersive Combat, Multidimensional Strategy]<br>Stages are enriched with dynamic elements, including various cover options, mechanisms, and terrains. Analyze the combat situation and strategically lead your Dolls to victory.<br>[Realistic Weapon System, Free-Form Weapon Customization]<br>Handguns, machine guns, shotguns—every type of weapon is available with a 360° preview. Freely attach weapon accessories to create a unique appearance for your weapons. Equip your team with the finest weapons to face the toughest enemies.<br>[Immersive Animations, 360° Character Interaction]<br>Featuring high-quality character models with rich interactive features. In the Refitting Room, you can freely interact with the Dolls. In the Dormitory, you can use the dynamic camera to capture their day-to-day moments, and enjoy a unique, cozy experience.<br>[Covenant Ring: Forge Unbreakable Bonds with Your Dolls]<br>Inscribe your Covenant and unlock exclusive archives, memories, and voice lines for your Dolls. Affinity can be deepened through gift-giving. A Covenant with your Dolls can be formed at a certain Affinity level, which unlocks an exclusive Covenant Projection."
}