{
  "images": [
    "https://play-lh.googleusercontent.com/QHsvN6D0gJewHA6273IcQ5PhBcsJVLIOzWhJEJRfccxFd13_jceQbUks7q8XDuj1TMs=w526-h296-rw",
    "https://play-lh.googleusercontent.com/C8Q-BnP3lPBAKV-F5Kr64ZA6iBQPlQs45-mBkNBLRdEEQvn8qeK18lXplTJ5D8FKRg=w526-h296-rw",
    "https://play-lh.googleusercontent.com/11kQOndyAIQwhtHu5NJwOyR4L-i4XL6H6KPIrz2dt2-XwUQtZa_DLz6vDjCrrqXb2Co=w526-h296-rw",
    "https://play-lh.googleusercontent.com/-bX90ZwQCqFIYQhWrKVv-IjM8mKhFhJA1NmpwSldintmm7M28Zdoe3k5dZBr7G9UzAu5=w526-h296-rw",
    "https://play-lh.googleusercontent.com/CgTUkZiQJFlZgHibsBA92b5m6YUsWporNYcPyXDo7mxoFVDlg8_qLhctzzbYT-FUZqI=w526-h296-rw"
  ],
  "title": "Rememento - White Shadow",
  "icon": "https://play-lh.googleusercontent.com/iHapLhZxjQuI8tCcCt4SMAiloXkjlKSGINGDRVMlgBlY6wC3c9oTDG9zrP7kZayMtA=w240-h480-rw",
  "subTitle": "Role Playing/Turn-based RPG",
  "desc": "Step into a whole new level of strategy with 『Rememento - White Shadow』.<br>Download now and begin your legendary journey!<br>■ An Epic Story That Pulls You In<br>Defy the witches’ curse and unveil the truth behind the gods’ forgotten memories.<br>In the chaos of creation, shape your destiny and uncover what lies beyond the veil.<br>■ Smart, Satisfying Turn-Based Combat<br>Master the flow of battle with a streamlined MP-based system.<br>With every decision, manage your energy, time your skills, and outplay your enemies — easy to pick up, endlessly deep to master.<br>■ Cinematic Cutscenes & Stunning Unreal Graphics<br>Every chapter bursts to life with fully animated 3D cinematics.<br>Enjoy immersive visuals powered by Unreal Engine and a story told through rich, expressive animation.<br>■ PvP That Rewards Tactical Brilliance<br>Outsmart rivals in fierce real-time PvP with ever-evolving strategies.<br>Climb the ranks each season by adapting your tactics and proving your skill.<br>Rewrite fate sealed in divine memory. Illuminate the final dawn.<br>Download Rememento - White Shadow and begin your legendary journey now."
}