{
  "images": [
    "https://play-lh.googleusercontent.com/_l55kE_Tr5iWMv0iQpZ8GYuz_PmaLFhJclf2XBlI2EQf4ZSKuNwE3e0ol0KFA4l6FjA=w526-h296-rw",
    "https://play-lh.googleusercontent.com/vUKaQPIh2yv15De4M442zoi8DUSxnd1CQoFSjT_Lj639oz7C-FcThWZSdr5IsGoBrwc=w526-h296-rw",
    "https://play-lh.googleusercontent.com/4DGEEgwKrU0_l82JGsPQ77vUVLe7RvP9LjSNOaGNKRNPkdhwUQcyY_hHAKHdSySM=w526-h296-rw",
    "https://play-lh.googleusercontent.com/4zt1dVKSeJTdJRd9nSWL3of6FzGuvZYZ9cBn4ShfSuHixRpaxeYRH4uvn1GhV0IRnRPH=w526-h296-rw",
    "https://play-lh.googleusercontent.com/m-oB4-JagY9TvmEcA8zpTLUNMVI1KvU-3J2CCPAebiFIvDx7EVWINQ5dYfKeIb0ep-g=w526-h296-rw"
  ],
  "title": "Life Makeover",
  "icon": "https://play-lh.googleusercontent.com/JDQ0UOe9ClAbObhio8_fSI_c7pZXFzII_BW2nmK9haIAIjHx2PlQk6nILfS652uNKA=w240-h480-rw",
  "subTitle": "Simulation/Lifestyle/Dress-up/Casual",
  "desc": "Cross-Platform Brilliance<br>—Every detail of beauty deserves close appreciation.<br>Experience seamless gameplay across different platforms with stunning 4K graphics. Immerse yourself in a world where every beautiful detail shines, from advanced hair and fabric rendering to dynamic weather systems. Invite your besties to explore and interact in your personalized haven!<br>Next-Gen Character Customization<br>—127 new facial customization options ready to level up your natural beauty.<br>Sculpt the perfect look from forehead to chin, eyebrows to lips. Fine tune details in a larger and freer range. Your dream face is just a touch away!<br>Infinite Palette, Your Digital Wardrobe<br>—Unlock \"infinity\" for your digital wardrobe and RBG palette.<br>Transform your cyber closet with unlimited dyeing options. From dresses to lace trims, customize every piece with RGB precision. Color and style fashions from 3-star tier to 6-star tier. Unlock breathtaking color-shifting effects and bring your fashion fantasies to life with X Palette and X Starlight!<br>Design Your Own Fashion<br>—Become the chief designer of your own brand studio.<br>Select fabrics, adjust patterns, and create exclusive prints. Experience the thrill of bringing your designs from sketch to runway-ready reality.<br>Enhanced Photo-Shooting Experience<br>Capture your style with our upgraded photo system. Enjoy freed camera movement, advanced editing tools, and the freedom to showcase your creations from every angle with any form of composition. Savor the shiny world with an eye for uniqueness and passion!<br>Home Build 2.0: Advanced and Freed<br>—Advanced Build mode and building block module.<br>Build your dream space with our grid-free placement system. Stack furniture, adjust heights, and rotate items at will. Plus, use our new building blocks with 144 color options to construct fantastical structures!<br>Lifelike Pet Companions<br>Immerse yourself in ultra-realistic pet interactions. Feel the softness of a kitten's fur or gaze into a puppy's soulful eyes. Capture the fluffy cuteness firsthand and with no filter! Our highly free pet customization and AI-driven genetics system ensure each pet is uniquely yours.<br>Bring All Freedom-lovers Together<br>Share your creations, gather aesthetic inspiration, and connect with friends in Vvanna Community. Host virtual gatherings to catch up with your long-missed friends. Visit each other, cook dishes, decorate rooms, and save unforgettable memories into your group photos.<br>A place of endless possibilities for every girl, Life Makeover endorses every dream and ignites every potential!<br>Follow our official social platform accounts for more information:<br>Official Website: https://lifemakeovermysg.archosaur.com/<br>Facebook: https://www.facebook.com/LifeMakeoverMYSG<br>WhatsApp: https://chat.whatsapp.com/LV92xvefohQ93dZpnfwBFT"
}