{
  "images": [
    "https://play-lh.googleusercontent.com/fsbMBF1zO5orHwTa5gZHy9Pjor-YLNSOK-mBX2GZlnwKVbBLeZotXQ61YSAdJPhm6w=w526-h296-rw",
    "https://play-lh.googleusercontent.com/ARfw_6lxNgynbDSy6afPBysg4VYAEjUhah0BuI3RG-1CJQ7V7Obnw436_iZIZKGGYRk=w526-h296-rw",
    "https://play-lh.googleusercontent.com/x8EMOzGlgzyGQe3bxrqBIRDYnWqLdEkpX4zcaszGLesdKu6C3cLcm_CLmdEqmMIHUf0=w526-h296-rw",
    "https://play-lh.googleusercontent.com/GAl0i-1Iz6_RfFNKPRTUCKmXznd3MzF4u6zX7gWVVCUohVFVtL45bLP-H7BdQrFNE4kJ=w526-h296-rw",
    "https://play-lh.googleusercontent.com/XZBwEh8OVdB-fI4XLdB7chi9T7-aTU7mB5YeAyYw1p1uW6h034OHncrMB9Yd3lo-WBaz=w526-h296-rw"
  ],
  "title": "Fishing Planet",
  "icon": "https://play-lh.googleusercontent.com/leJqZyniQmaxYgTitS2UIO2aOQ1TXyPo2FtLEafmYpJkPrZZs0iw_JkEx8K6TJLhuN58=w240-h480-rw",
  "subTitle": "Simulation/Fishing/Casual",
  "desc": "Fishing Planet® is a highly realistic first-person online multiplayer fishing simulator. Developed by avid fishing enthusiasts to bring you the full thrill of actual angling on your Android device.<br>Free-to-Play on all platforms and just a download away!<br>Fishing Together with other players on the same boat. Our ocean fishing yachts can accommodate 2, 3, or 4 friends simultaneously.<br>Compete online with other players in events (tournaments) and competitions with personal scores, achievements, leader boards and top-players lists.<br>Highly realistic world of fishing on your screen:<br>■ 200+ species of fish with complex AI driven behavior depending on seasons, climate, time of day, water current, bottom type, water and air temperature, wind and more.<br>■ 26 scenic waterways with photorealistic graphics from all around the world with their own climate conditions, landscapes, bottom topography and vegetation. All waterways are based on real locations.<br>■ Freshwater and saltwater fishing with their own features for realistic and immersive experience.<br>■ Four types of fishing - float, spinning, bottom and saltwater trolling.<br>■ Thousands of tackle and lure combinations with unique physical and hydrodynamic properties provide realistic biting and striking reactions. Each fish species attacks and fights based on real-life behavior.<br>■ Dynamic weather – day/night alternation, change of seasons, different weather conditions (rain, fog, bright sunshine), storms on the ocean.<br>■ Dynamic water graphics that change depending on wind, current and depth. Splashes, waves and ripples on the water create a fully realistic fishing experience. Immersive environment sounds that enhance players' experience.<br>■ Rideable kayaks and 3 types of motor boats, each with unique speed, durability and other parameters and features.<br>■ Ocean fishing yachts come equipped with rod holders for trolling and fish storage for massive ocean catches.  These yachts feature unique Fish Finder 360 technology to help locate fish in the vast ocean.<br>Join the ultimate fishing adventure with the Fishing Planet® game and experience the most realistic and immersive fishing simulator available!"
}