{
  "images": [
    "https://play-lh.googleusercontent.com/x_DfedUpcn03JH1d7joBfn1XKhI8L9fHT0NUHG6P3Nac92QQSBMhmRbQ3yLMYCQ9-ZX5KPg4udf8EWr4mAwGBg=w526-h296-rw",
    "https://play-lh.googleusercontent.com/kvr5rmJrwT1MOotibImEkwVP2xRMK4KK1dR8gJzd5a822ooFMmeaZyPFEEx6qqXTxi6cXMDw9u3mMe8_QJ7Q2qE=w526-h296-rw",
    "https://play-lh.googleusercontent.com/xrCSuj0saIlwKuBmRERS7f3EtlN3O-jAAFoZvinFR16P_B4u0zTOHDdYnV46inD4dRV6iTw168EuqHQkhzNxgg=w526-h296-rw",
    "https://play-lh.googleusercontent.com/8DElCKZYFUjQoWWXeQKASv4oV2tMtidRcpwKqMkh4MzJv2puXETniDtlO7_PwM-WKXTpaLBZNokcDsFjygUj4w=w526-h296-rw",
    "https://play-lh.googleusercontent.com/1iHkeLHI15sgT_O9VQ14HkkOPiMvEE3DCtET4-AtXbQP6x1KJKjqIsMfSMvtxu3g_NftXIaz85DzbiTzinlOcQ=w526-h296-rw"
  ],
  "title": "Reverse: 1999 - AC Collab",
  "icon": "https://play-lh.googleusercontent.com/2ertmWdllgean69_yTl3PjdDC2kRkDMF3UArP5pUq9LGZEMx1WbKCyMkdLzWTiVQbnDNDQ8Rt9UgzgJDW7tI_RM=w240-h480-rw",
  "subTitle": "Role Playing/Turn-based RPG",
  "desc": "[Reverse: 1999 x Assassin's Creed] Collab Open!<br>New Collab 6-Star Characters [Ezio (Star)], [Kassandra (Mineral)] and 5-Star Character [Alexios (Beast)] debut!<br>Log in to get 40 summons, free Subscription and free Collab 5-Star [Alexios]!<br>Reverse: 1999 is a 20th Century Time-Travel Strategic RPG developed by Bluepoch. <br>On the last day of 1999, the \"Storm\" fell upon the world. You witnessed an era reversed beneath the rising raindrops. Defying all reasons, what unfolds in front of you is the world of an era long past.<br>As the Timekeeper, observer of eras, you are free to travel through these eras after each \"Storm.\" With the aid of Sonetto, a powerful Arcanist and ally from the Foundation, your mission is to travel through eras to where the \"Storm\" is most active, find other Arcanists who can sense the coming \"Storm,\" and save them from being \"sifted out\" of the timeline.<br>▶▶Stunning Visuals Blending Retro and Modern Aesthetics◀◀<br>Step into the mysterious alt-history animated by unique visual elements that blend Pop Art, classical oil painting, and more art styles in history. <br>▶▶A Cinematic Adventure across the 20th Century◀◀<br>From the Roaring '20s to the turn of the millennium, you will embark on a journey across time and space, and uncover the truth about the \"Storm\" and the mystery of the year 1999.<br>▶▶Full English Voice Acting with Authentic Accents◀◀<br>Immerse yourself in ages past. Enjoy a story performed by diverse cast of voice actors with British, Italian, French, and other accents. <br>▶▶Fantastic Arcanists from Different Times and Regions◀◀<br>People once called them \"mages,\" \"wizards,\" and \"freaks.\" Now they live in uneasy coexistence with regular humans … But who are the Arcanists, really?<br>▶▶Weave Arcane Incantations to Attain Glorious Victories◀◀<br>Build your team, cast spells, and use gorgeous arcane skills to defeat your enemies. Begin your exciting adventure through time in this all-new RPG.<br>Official Website: https://re1999.bluepoch.com/en/home<br>Facebook: https://www.facebook.com/reverse1999global<br>Twitter: https://twitter.com/Reverse1999_GL<br>YouTube: https://www.youtube.com/@Reverse1999<br>Discord: https://discord.com/invite/reverse1999"
}