{
  "images": [
    "https://play-lh.googleusercontent.com/wCbGQUxdG5Xz44z9DZi6riyfWotTZsPipZ1dgj8OtkiBeoHsu2ltwoxerdD8aOhA4J0r=w526-h296-rw",
    "https://play-lh.googleusercontent.com/ThiAT-e9lRd7yqTaw5rtlioK7QwQ1DNcfTl3WT4pC32tzLK5Vf3pG4ohksmKEKxUhy4=w526-h296-rw",
    "https://play-lh.googleusercontent.com/PnMDsjniofrQyDc-Y3EBqntkKbMtJo1FbrWGJq37kDOJPRo_7JZ5dBJ3oP_xvF5jOjQp=w526-h296-rw",
    "https://play-lh.googleusercontent.com/pLdtJatiqfSD-t88mwApvatAC1b5rg4QwYw3pN6BjvcIFEBFMP8xNmMXRNqYqXUHNMA=w526-h296-rw",
    "https://play-lh.googleusercontent.com/7ehmvIo5JEU_7d9oGDTTfDKirXVoiMFTUtt_F0Xm4CtUsyBvg_18AXSH1g8faR8eFA=w526-h296-rw"
  ],
  "title": "Garena RoV: Super ROV Day!",
  "icon": "https://play-lh.googleusercontent.com/UD3M7vEIbLINyar4sV70Sf8k8jxzYVQKvwKDCeHF5IeVgVfLjB1aivaSV0WdJGyZetw=w240-h480-rw",
  "subTitle": "Strategy/MOBA",
  "desc": "New Features!<br>1.New hero: Goverra.<br>2.New season game play: Reinforcements.<br>3.New Monster: Jumpy Hare.<br>4.New Entertainment Mode: Clone Nightmare.<br>5.System Optimization: Pre-selection Lane, Post-Match Scoring Adjustment<br>6.New and rework equipments<br>7.Hero Adjustments.<br>8.Entertainment mode upgrades: Crazy Skill, Double Ultimate, Multiple Cast.<br>9.Game Experience Optimization - Skill-Flash Combo Optimization & Adaptive Skill Wheel Size<br>RoV: Challenge yourself with a thrilling 5V5 MOBA experience on mobiles. With new exquisite heroes and plenty of free items, let's begin a new journey together now.  <br>+Teamfight<br>Team strategy, hero counter, picking, and strategic planning skills. Team-up and fight on the battlefield to end the game in triumph. <br>+Hero Balance<br>Balanced and flexible heroes allow players to adjust their plans for various situations. The fun begins with hero pick-ban to competing fairly on the battlefield. Only the best players win! <br>+10-Minute Game<br>With a fast-paced game, approximately 10 minutes for each game, players can have a full MOBA experience anytime and anywhere.<br>+Smooth Control<br>Smooth controls for mobile MOBA system, designed and researched by experienced game developers. <br>+eSports<br>Breathtaking competitions among Pro League champions with exceptional strategies and gameplays."
}