{
  "images": [
    "https://play-lh.googleusercontent.com/9v2PfECSLMY7_FEUHG2US3unDGCl2b2_th-7tkQnnK0yFDDo43VVBevGy5mgZ6lrTa5s=w526-h296-rw",
    "https://play-lh.googleusercontent.com/ohF1ht6lXKY4ybjXlMrt2IjCdKBpgl1NUA6ftvNemA2iGxT0SP8HEZDseeYC5Q420Q=w526-h296-rw",
    "https://play-lh.googleusercontent.com/8Dnnwo9o932gZBRxVQOSPvG_k4qy1V6uhrDvT_w2krStdxXzKhumCV17J5jjCY1ApU4=w526-h296-rw",
    "https://play-lh.googleusercontent.com/-NL3eTKtTNbtRUzihyuyDvNUFbe9dbQpnIYvKdZvI9_L8F6zSl5xxaUBl_fqzn3j2g=w526-h296-rw",
    "https://play-lh.googleusercontent.com/YKtyqHghG0OFgSLAWuHkEegWFv-fLb3mnWN6TESS3Iy2u99BzwkIIavKDwz79Mhuid4=w526-h296-rw"
  ],
  "title": "Arknights",
  "icon": "https://play-lh.googleusercontent.com/D4DUUFQDCsH9NIEa8hjMjQSWdtNhGX1Fd_jT-23ogAb5uMMqttqQDUJcUt4K_u8RYOQ=w240-h480-rw",
  "subTitle": "Strategy/Tower defense",
  "desc": "Take on the role of a key member of Rhodes Island, a pharmaceutical company that fights both a deadly infection and the unrest it leaves in its wake. Together with your leader Amiya, you’ll recruit Operators, train them, then assign them to various operations to protect the innocent and resist those who would thrust the world into turmoil.<br>Your tactics will determine the future of Rhodes Island. Fight for the Dawn!<br>・Gorgeous anime-style game with a perfect combination of RPG and strategy elements<br>・Hundreds of unique Operators across a variety of classes open up countless gameplay options<br>・Auto Deploy system conveniently allows you to free up your hands<br>・Carve out a home, just the way you want it, with the Base construction system<br>・A robust soundtrack and some of the most famous Japanese voice actors and actresses will give you a sublime auditory experience.<br>Permission: WRITE_EXTERNAL_STORAGE and READ_EXTERNAL_STORAGE.<br>This enables user to download a hotfix package immediately when it's available. This does not compromise user's privacy.<br>Minimum configuration for Android devices: 2G RAM, 2G free storage space.<br>Arknights Official Homepage:<br>https://www.arknights.global/<br>Official Discord Server:<br>https://discord.gg/arknights<br>Official X Account:<br>https://x.com/ArknightsEN<br>Official Facebook Page:<br>https://www.facebook.com/ArknightsGlobal/<br>Official Instagram:<br>https://www.instagram.com/arknights_messenger_official/"
}