{
  "icon": "https://cloudmoon.tos-ap-southeast-1.volces.com/icon_Apex_Heroines.png",
  "title": "Apex Heroines",
  "subTitle": "Action / RPG",
  "desc": "Apex Heroines is a 3D light sci-fi action game that focuses on fast-paced and exhilarating battles, with multiple roles to choose from, beautiful fashions, and a variety of styles to create as you wish, so not only does it look great, but it's even better to play!",
  "images": [
    "https://cloudmoon.tos-ap-southeast-1.volces.com/banner_pc_Apex_Heroines-1.jpg",
    "https://cloudmoon.tos-ap-southeast-1.volces.com/banner_pc_Apex_Heroines-2.jpg",
    "https://cloudmoon.tos-ap-southeast-1.volces.com/banner_pc_Apex_Heroines-3.jpg"
  ]
}