{
  "icon": "https://cloudmoon.tos-ap-southeast-1.volces.com/icon_Celeste.png",
  "title": "Celeste",
  "subTitle": "Precision Platformer / Difficult",
  "desc": "Help Madeline survive her inner demons on her journey to the top of Celeste Mountain, in this super-tight platformer from the creators of TowerFall. Brave hundreds of hand-crafted challenges, uncover devious secrets, and piece together the mystery of the mountain.",
  "images": [
    "https://cloudmoon.tos-ap-southeast-1.volces.com/banner_pc_Celeste-1.jpg",
    "https://cloudmoon.tos-ap-southeast-1.volces.com/banner_pc_Celeste-2.jpg",
    "https://cloudmoon.tos-ap-southeast-1.volces.com/banner_pc_Celeste-3.jpg"
  ]
}