{
  "icon": "https://cloudmoon.tos-ap-southeast-1.volces.com/icon_Old_Mans_Journey.png",
  "title": "Old Man's Journey",
  "subTitle": "Adventure / Casual",
  "desc": "Old Man’s Journey, a soul-searching puzzle adventure, tells a story of life, loss, and hope. Interacting with the world around you, you'll shape the landscape to create the old man's path forward. Experience heartache and hope as you embark on a heartfelt journey through a sunkissed world.",
  "images": [
    "https://cloudmoon.tos-ap-southeast-1.volces.com/banner_pc_Old_Man_Journey-1.jpg",
    "https://cloudmoon.tos-ap-southeast-1.volces.com/banner_pc_Old_Man_Journey-2.jpg",
    "https://cloudmoon.tos-ap-southeast-1.volces.com/banner_pc_Old_Man_Journey-3.jpg"
  ]
}