{
  "icon": "https://cloudmoon.tos-ap-southeast-1.volces.com/icon_Resident_Evil_4.png",
  "title": "Resident Evil 4",
  "subTitle": "Horror / Action",
  "desc": "Survival is just the beginning.<br><br>Six years have passed since the biological disaster in Raccoon City.<br>Agent Leon S. Kennedy, one of the survivors of the incident, has been sent to rescue the president's kidnapped daughter.<br>He tracks her to a secluded European village, where there is something terribly wrong with the locals.<br>And the curtain rises on this story of daring rescue and grueling horror where life and death, terror and catharsis intersect.<br><br>Featuring modernized gameplay, a reimagined storyline, and vividly detailed graphics,<br>Resident Evil 4 marks the rebirth of an industry juggernaut.<br><br>Relive the nightmare that revolutionized survival horror.",
  "images": [
    "https://cloudmoon.tos-ap-southeast-1.volces.com/banner_pc_Resident_Evil_4-1.jpg",
    "https://cloudmoon.tos-ap-southeast-1.volces.com/banner_pc_Resident_Evil_4-2.jpg",
    "https://cloudmoon.tos-ap-southeast-1.volces.com/banner_pc_Resident_Evil_4-3.jpg"
  ]
}