{
  "icon": "https://cloudmoon.tos-ap-southeast-1.volces.com/icon_The_Great_Ace_Attorney_Chronicles.png",
  "title": "The Great Ace Attorney Chronicles",
  "subTitle": "Visual Novels / Adventure",
  "desc": "Immerse yourself in a dramatic yet charming and witty world of evidence-gathering, deduction and courtroom battles with this double-pack of the adventures of rookie lawyer Ryunosuke.<br><br>Set in late 19th century Japan and England, each title features five murder-mystery episodes filled with all the drama, laughs, twists, and “turnabouts” you’ve come to expect from the legally labyrinthine legacy of Ace Attorney. Join Ryunosuke Naruhodo, ancestor of series mainstay Phoenix Wright, as he attempts to uncover the secrets behind an international criminal conspiracy and solve a hauntingly baffling cold case, while tackling a series of tricky trials along the way. Dozens of hours of attorney action awaits you!",
  "images": [
    "https://cloudmoon.tos-ap-southeast-1.volces.com/banner_pc_The_Great_Ace_Attorney_Chronicles-1.jpg",
    "https://cloudmoon.tos-ap-southeast-1.volces.com/banner_pc_The_Great_Ace_Attorney_Chronicles-2.jpg",
    "https://cloudmoon.tos-ap-southeast-1.volces.com/banner_pc_The_Great_Ace_Attorney_Chronicles-3.jpg"
  ]
}