{
  "icon": "https://cloudmoon.tos-ap-southeast-1.volces.com/icon_Dont_Starve_Together.png",
  "title": "Don't Starve Together",
  "subTitle": "Survival / Open World",
  "desc": "Fight, Farm, Build and Explore in the expansion to the uncompromising wilderness survival game, Don't Starve.<br><br>Enter a strange and unexplored world full of odd creatures, hidden dangers, and ancient secrets. Gather resources to craft items and build structures that match your survival style. Play your way as you unravel the mysteries of \"\"The Constant\"\".<br><br>Do whatever it takes, but most importantly, Don't Starve.",
  "images": [
    "https://cloudmoon.tos-ap-southeast-1.volces.com/banner_pc_Dont_Starve_Together-1.jpg",
    "https://cloudmoon.tos-ap-southeast-1.volces.com/banner_pc_Dont_Starve_Together-2.jpg",
    "https://cloudmoon.tos-ap-southeast-1.volces.com/banner_pc_Dont_Starve_Together-3.jpg"
  ]
}