{
  "icon": "https://cloudmoon.tos-ap-southeast-1.volces.com/JoJos_Bizarre_Adventure_All_Star_Battle_R.png",
  "title": "JoJo's Bizarre Adventure: All-Star Battle R",
  "subTitle": "Anime / Action",
  "desc": "Well known for its charismatic heroes, striking art style, and unforgettable catch phrases (“Yare yare daze…”), another installment of JoJo’s Bizarre Adventure is coming! JoJo's Bizarre Adventure: All-Star Battle R!<br><br>• Stunning visuals authentic to Hirohiko Araki’s Style<br><br>• 50 playable characters from all JoJo arcs<br><br>• A variety of game modes",
  "images": [
    "https://cloudmoon.tos-ap-southeast-1.volces.com/banner_pc_JoJos_Bizarre_Adventure_BattleR-1.jpg",
    "https://cloudmoon.tos-ap-southeast-1.volces.com/banner_pc_JoJos_Bizarre_Adventure_BattleR-2.jpg",
    "https://cloudmoon.tos-ap-southeast-1.volces.com/banner_pc_JoJos_Bizarre_Adventure_BattleR-3.jpg"
  ]
}