{
  "icon": "https://cloudmoon.tos-ap-southeast-1.volces.com/icon_Two_Point_Campus.png",
  "title": "Two Point Campus",
  "subTitle": "Management / Simulation",
  "desc": "Build your university, your way!<br><br>It’s time to spin academia on its head! Got a yearning for learning? Or just keen to build an educational masterpiece? Campus is jam-packed with new creative tools to help you build the university of your dreams.<br><br>For the first time, build in the great outdoors as you develop your own delightfully educational campus environment, housing the top teaching facilities in the land. Whether you prefer building on simple foundations, or placing every tree, you can build the university you want.<br><br>Lay down pathways with new easy-to-use tools. Plant glorious collections of outdoor flora. Place benches, fountains, sculptures, hedgerows – even picket fences. The only limit is your imagination (and your in-game bank balance).",
  "images": [
    "https://cloudmoon.tos-ap-southeast-1.volces.com/banner_pc_Two_Point_Campus-1.jpg",
    "https://cloudmoon.tos-ap-southeast-1.volces.com/banner_pc_Two_Point_Campus-2.jpg",
    "https://cloudmoon.tos-ap-southeast-1.volces.com/banner_pc_Two_Point_Campus-3.jpg"
  ]
}