{
  "icon": "https://cloudmoon.tos-ap-southeast-1.volces.com/icon_My_Time_At_Portia.png",
  "title": "My Time At Portia",
  "subTitle": "Life Sim / RPG",
  "desc": "Start a new life in the enchanting town of Portia! Restore your Pa's neglected workshop to its former glory by fulfilling commissions, growing crops, raising animals, and befriending the quirky inhabitants of this charming post-apocalyptic land!<br><br>Armed with your Pa's old handbook and workbench, you must gather, mine and craft your way to being crowned the number one workshop in Portia. Help the locals rebuild the town and uncover the secrets locked deep away beneath it. Be prepared though…it won't be easy!<br><br>The town of Portia is full of friendly new faces for you to meet. Make friends, complete requests, exchange gifts, go on dates and let romance blossom!<br><br>Inspired by the magic of Studio Ghibli, My Time at Portia whisks you away to a world of wonder that you won't forget. How will you spend your time at Portia?",
  "images": [
    "https://cloudmoon.tos-ap-southeast-1.volces.com/banner_pc_My_Time_at_Portia-1.jpg",
    "https://cloudmoon.tos-ap-southeast-1.volces.com/banner_pc_My_Time_at_Portia-2.jpg",
    "https://cloudmoon.tos-ap-southeast-1.volces.com/banner_pc_My_Time_at_Portia-3.jpg"
  ]
}