{
  "icon": "https://cloudmoon-1305370474.cos.ap-singapore.myqcloud.com/cloudgame-icon/icon_Terraria.png",
  "title": "Terraria",
  "subTitle": "Sandbox / Survival",
  "desc": "Dig, Fight, Explore, Build: The very world is at your fingertips as you fight for survival, fortune, and glory. Will you delve deep into cavernous expanses in search of treasure and raw materials with which to craft ever-evolving gear, machinery, and aesthetics? Perhaps you will choose instead to seek out ever-greater foes to test your mettle in combat? Maybe you will decide to construct your own city to house the host of mysterious allies you may encounter along your travels?\n\nIn the World of Terraria, the choice is yours!\n\nBlending elements of classic action games with the freedom of sandbox-style creativity, Terraria is a unique gaming experience where both the journey and the destination are completely in the player’s control. The Terraria adventure is truly as unique as the players themselves!\n\nAre you up for the monumental task of exploring, creating, and defending a world of your own?",
  "images": [
    "https://cloudmoon-1305370474.cos.ap-singapore.myqcloud.com/cloudgame-icon/banner_pc_Terraria-1.jpg",
    "https://cloudmoon-1305370474.cos.ap-singapore.myqcloud.com/cloudgame-icon/banner_pc_Terraria-2.jpg",
    "https://cloudmoon-1305370474.cos.ap-singapore.myqcloud.com/cloudgame-icon/banner_pc_Terraria-3.jpg"
  ]
}