{
  "icon": "https://cloudmoon.tos-ap-southeast-1.volces.com/icon_Naruto_storm4.png",
  "title": "NARUTO STORM 4",
  "subTitle": "Action / Adventure",
  "desc": "In a completely New Hidden Leaf Village, enjoy the adventures of Boruto, Naruto's son!<br>While you do your best to pass the chunnin exam, a new threat menaces the shinobi world.<br>Will you be powerful enough to defeat it?<br><br>EXPERIENCE the story of BORUTO: NARUTO THE MOVIE!<br>DISCOVER Newly playable characters among which Boruto, Sarada and Mitsuki<br>TRAIN to master new combination secret jutsu<br><br>THE NEW GENERATION IS UNDERWAY!",
  "images": [
    "https://cloudmoon.tos-ap-southeast-1.volces.com/banner_pc_NARUTO_STORM_4-1.jpg",
    "https://cloudmoon.tos-ap-southeast-1.volces.com/banner_pc_NARUTO_STORM_4-2.jpg",
    "https://cloudmoon.tos-ap-southeast-1.volces.com/banner_pc_NARUTO_STORM_4-3.jpg"
  ]
}