{
  "icon": "https://cloudmoon.tos-ap-southeast-1.volces.com/icon_Hades.png",
  "title": "Hades",
  "subTitle": "Action Roguelike / Hack and Slash",
  "desc": "Hades is a god-like rogue-like dungeon crawler that combines the best aspects of Supergiant's critically acclaimed titles, including the fast-paced action of Bastion, the rich atmosphere and depth of Transistor, and the character-driven storytelling of Pyre.",
  "images": [
    "https://cloudmoon.tos-ap-southeast-1.volces.com/banner_pc_Hades-1.jpg",
    "https://cloudmoon.tos-ap-southeast-1.volces.com/banner_pc_Hades-2.jpg",
    "https://cloudmoon.tos-ap-southeast-1.volces.com/banner_pc_Hades-3.jpg"
  ]
}