{
  "icon": "https://cloudmoon.tos-ap-southeast-1.volces.com/icon_Human_Fall_Flat.png",
  "title": "Human: Fall Flat",
  "subTitle": "Adventure / Funny",
  "desc": "Human Fall Flat is a hilarious, light-hearted physics platformer set in a world of floating dreamscapes.<br><br>Each dream level provides a new environment to navigate, from mansions, castles and Aztec adventures to snowy mountains, eerie nightscapes and industrial locations. Multiple routes through each level, and perfectly playful puzzles ensure exploration and ingenuity are rewarded.<br><br>Need a hand getting that boulder on to a catapult, or need someone to break that wall?<br><br>Your Human is yours to customise. With outfits from builder to chef, skydiver, miner, astronaut and ninja. Choose your head, upper and lower body and get creative with the colours!",
  "images": [
    "https://cloudmoon.tos-ap-southeast-1.volces.com/banner_pc_Human_Fall_Flat-1.jpg",
    "https://cloudmoon.tos-ap-southeast-1.volces.com/banner_pc_Human_Fall_Flat-2.jpg",
    "https://cloudmoon.tos-ap-southeast-1.volces.com/banner_pc_Human_Fall_Flat-3.jpg"
  ]
}