{
  "icon": "https://cloudmoon.tos-ap-southeast-1.volces.com/icon_DRAGONZ.png",
  "title": "DRAGON BALL FighterZ",
  "subTitle": "Fighting / Anime",
  "desc": "DRAGON BALL FighterZ is born from what makes the DRAGON BALL series so loved and famous: endless spectacular fights with its all-powerful fighters.<br><br>Partnering with Arc System Works, DRAGON BALL FighterZ maximizes high end Anime graphics and brings easy to learn but difficult to master fighting gameplay.",
  "images": [
    "https://cloudmoon.tos-ap-southeast-1.volces.com/banner_pc_DRAGON_BALL_FighterZ-1.jpg",
    "https://cloudmoon.tos-ap-southeast-1.volces.com/banner_pc_DRAGON_BALL_FighterZ-2.jpg",
    "https://cloudmoon.tos-ap-southeast-1.volces.com/banner_pc_DRAGON_BALL_FighterZ-3.jpg"
  ]
}