{
  "icon": "https://cloudmoon.tos-ap-southeast-1.volces.com/icon_Slay_the_Spire.png",
  "title": "Slay the Spire",
  "subTitle": "Roguelike Deckbuilder / Card Game",
  "desc": "We fused card games and roguelikes together to make the best single player deckbuilder we could. Craft a unique deck, encounter bizarre creatures, discover relics of immense power, and Slay the Spire!",
  "images": [
    "https://cloudmoon.tos-ap-southeast-1.volces.com/banner_pc_Slay_the_Spire-1.jpg",
    "https://cloudmoon.tos-ap-southeast-1.volces.com/banner_pc_Slay_the_Spire-2.jpg",
    "https://cloudmoon.tos-ap-southeast-1.volces.com/banner_pc_Slay_the_Spire-3.jpg"
  ]
}