{
  "icon": "https://cloudmoon.tos-ap-southeast-1.volces.com/icon_Outer_Wilds.png",
  "title": "Outer Wilds",
  "subTitle": "Exploration / Space",
  "desc": "Winner of Best Game at the 2020 BAFTA Games Awards and named Game of the Year 2019 by Giant Bomb, Polygon, Eurogamer, and The Guardian, Outer Wilds is a critically-acclaimed and award-winning open world mystery about a solar system trapped in an endless time loop.<br><br>Welcome to the Space Program!<br>You're the newest recruit of Outer Wilds Ventures, a fledgling space program searching for answers in a strange, constantly evolving solar system.<br><br>Mysteries of the Solar System...<br>What lurks in the heart of the ominous Dark Bramble? Who built the alien ruins on the Moon? Can the endless time loop be stopped? Answers await you in the most dangerous reaches of space.",
  "images": [
    "https://cloudmoon.tos-ap-southeast-1.volces.com/banner_pc_Outer_Wilds-1.jpg",
    "https://cloudmoon.tos-ap-southeast-1.volces.com/banner_pc_Outer_Wilds-2.jpg",
    "https://cloudmoon.tos-ap-southeast-1.volces.com/banner_pc_Outer_Wilds-3.jpg"
  ]
}