{
  "icon": "https://cloudmoon.tos-ap-southeast-1.volces.com/icon_Undertale.png",
  "title": "Undertale",
  "subTitle": "Great Soundtrack / Story Rich",
  "desc": "Welcome to UNDERTALE. In this RPG, you control a human who falls underground into the world of monsters. Now you must find your way out... or stay trapped forever.",
  "images": [
    "https://cloudmoon.tos-ap-southeast-1.volces.com/banner_pc_Undertale-1.jpg",
    "https://cloudmoon.tos-ap-southeast-1.volces.com/banner_pc_Undertale-2.jpg",
    "https://cloudmoon.tos-ap-southeast-1.volces.com/banner_pc_Undertale-3.jpg"
  ]
}