{
  "icon": "https://cloudmoon.tos-ap-southeast-1.volces.com/icon_Portal_2.png",
  "title": "Portal 2",
  "subTitle": "Platformer / Puzzle",
  "desc": "Portal 2 draws from the award-winning formula of innovative gameplay, story, and music that earned the original Portal over 70 industry accolades and created a cult following.<br><br>The single-player portion of Portal 2 introduces a cast of dynamic new characters, a host of fresh puzzle elements, and a much larger set of devious test chambers. Players will explore never-before-seen areas of the Aperture Science Labs and be reunited with GLaDOS, the occasionally murderous computer companion who guided them through the original game.",
  "images": [
    "https://cloudmoon.tos-ap-southeast-1.volces.com/banner_pc_Portal_2-1.jpg",
    "https://cloudmoon.tos-ap-southeast-1.volces.com/banner_pc_Portal_2-2.jpg",
    "https://cloudmoon.tos-ap-southeast-1.volces.com/banner_pc_Portal_2-3.jpg"
  ]
}