{
  "icon": "https://cloudmoon.tos-ap-southeast-1.volces.com/icon_Balatro.png",
  "title": "Balatro",
  "subTitle": "Card Game / Roguelike Deckbuilder",
  "desc": "Balatro is a poker-inspired roguelike deck builder all about creating powerful synergies and winning big.<br><br>Combine valid poker hands with unique Joker cards in order to create varied synergies and builds. Earn enough chips to beat devious blinds, all while uncovering hidden bonus hands and decks as you progress. You’re going to need every edge you can get in order to reach the boss blind, beat the final ante and secure victory.",
  "images": [
    "https://cloudmoon.tos-ap-southeast-1.volces.com/banner_pc_Balatro-1.jpg",
    "https://cloudmoon.tos-ap-southeast-1.volces.com/banner_pc_Balatro-2.jpg",
    "https://cloudmoon.tos-ap-southeast-1.volces.com/banner_pc_Balatro-3.jpg"
  ]
}