{
  "icon": "https://cloudmoon.tos-ap-southeast-1.volces.com/icon_Valiant_Hearts_The_Great_War.png",
  "title": "Valiant Hearts: The Great War",
  "subTitle": "Atmospheric / historical",
  "desc": "This is the story of crossed destinies and a broken love in a world torn apart.<br>All of them will try to survive the horror of the trenches following their faithful canine companion.<br>In Valiant Hearts, the lives of all these characters are inextricably drawn together over the course of the game. Friendship, love, sacrifice and tragedy befall each one as they help each other to retain their humanity against the horrors of war.",
  "images": [
    "https://cloudmoon.tos-ap-southeast-1.volces.com/banner_pc_Valiant_Hearts-1.jpg",
    "https://cloudmoon.tos-ap-southeast-1.volces.com/banner_pc_Valiant_Hearts-2.jpg",
    "https://cloudmoon.tos-ap-southeast-1.volces.com/banner_pc_Valiant_Hearts-3.jpg"
  ]
}