{
  "icon": "https://cloudmoon.tos-ap-southeast-1.volces.com/icon_Hollow_Knight.png",
  "title": "Hollow Knight",
  "subTitle": "Metroidvania / Souls-like",
  "desc": "Forge your own path in Hollow Knight! An epic action adventure through a vast ruined kingdom of insects and heroes. Explore twisting caverns, battle tainted creatures and befriend bizarre bugs, all in a classic, hand-drawn 2D style.",
  "images": [
    "https://cloudmoon.tos-ap-southeast-1.volces.com/banner_pc_Hollow_Knight-1.jpg",
    "https://cloudmoon.tos-ap-southeast-1.volces.com/banner_pc_Hollow_Knight-2.jpg",
    "https://cloudmoon.tos-ap-southeast-1.volces.com/banner_pc_Hollow_Knight-3.jpg"
  ]
}