{
  "icon": "https://cloudmoon.tos-ap-southeast-1.volces.com/icon_Dead_Cells.png",
  "title": "Dead Cells",
  "subTitle": "Adventure / Action Roguelike",
  "desc": "Dead Cells is a roguelite, metroidvania inspired, action-platformer. You'll explore a sprawling, ever-changing castle... assuming you’re able to fight your way past its keepers in 2D souls-lite combat. No checkpoints. Kill, die, learn, repeat.<br><br>Dead Cells puts you in control of a failed alchemic experiment trying to figure out what's happening on a sprawling, ever-changing and seemingly cursed Island. Immortal but crippled, your last resort is to take over bodies in order to move, explore… and fight.<br><br>While you may well be immortal, the corpses you possess are not. Each time your host is destroyed, you will be sent back to the dungeon to find yourself a new one and start again...",
  "images": [
    "https://cloudmoon.tos-ap-southeast-1.volces.com/banner_pc_Dead Cells-1.jpg",
    "https://cloudmoon.tos-ap-southeast-1.volces.com/banner_pc_Dead Cells-2.jpg",
    "https://cloudmoon.tos-ap-southeast-1.volces.com/banner_pc_Dead Cells-3.jpg"
  ]
}