{
  "icon": "https://cloudmoon.tos-ap-southeast-1.volces.com/icon_icon_Into_The_Breach.png",
  "title": "Into The Breach",
  "subTitle": "Turn-Based Strategy / Indie",
  "desc": "The remnants of human civilization are threatened by gigantic creatures breeding beneath the earth. You must control powerful mechs from the future to hold off this alien threat. Each attempt to save the world presents a new randomly generated challenge in this turn-based strategy game from the makers of FTL.<br>Key Features:<br>Defend the Cities: Civilian buildings power your mechs. Defend them from the Vek and watch your fire!<br>Perfect Your Strategy: All enemy attacks are telegraphed in minimalistic, turn-based combat. Analyze your opponent's attack and come up with the perfect counter every turn.<br>Build the Ultimate Mech: Find powerful new weapons and unique pilots as you battle the Vek infestation across Corporate-Nation islands.<br>Another Chance: Failure is not an option. When you are defeated, send help back through time to save another timeline!",
  "images": [
    "https://cloudmoon.tos-ap-southeast-1.volces.com/banner_pc_Into_The_Breach-1.jpg",
    "https://cloudmoon.tos-ap-southeast-1.volces.com/banner_pc_Into_The_Breach-2.jpg",
    "https://cloudmoon.tos-ap-southeast-1.volces.com/banner_pc_Into_The_Breach-3.jpg"
  ]
}