{
  "icon": "https://cloudmoon.tos-ap-southeast-1.volces.com/icon_Sid_Meiers_Civilization_VI.png",
  "title": "Sid Meier's Civilization VI",
  "subTitle": "Strategy / Turn-Based Strategy",
  "desc": "Civilization VI offers new ways to engage with your world: cities now physically expand across the map, active research in technology and culture unlocks new potential, and competing leaders will pursue their own agendas based on their historical traits as you race for one of five ways to achieve victory in the game.",
  "images": [
    "https://cloudmoon.tos-ap-southeast-1.volces.com/banner_pc_Sid_Meier_s_Civilization_VI-1.jpg",
    "https://cloudmoon.tos-ap-southeast-1.volces.com/banner_pc_Sid_Meier_s_Civilization_VI-2.jpg",
    "https://cloudmoon.tos-ap-southeast-1.volces.com/banner_pc_Sid_Meier_s_Civilization_VI-3.jpg"
  ]
}