{
  "icon": "https://cloudmoon.tos-ap-southeast-1.volces.com/icon_DAVE_THE_DIVER.png",
  "title": "DAVE THE DIVER",
  "subTitle": "Pixel Graphics / Casual",
  "desc": "DAVE THE DIVER is a casual, singleplayer adventure RPG featuring deep-sea exploration and fishing during the day and sushi restaurant management at night. Join Dave and his quirky friends as they seek to uncover the secrets of the mysterious Blue Hole.",
  "images": [
    "https://cloudmoon.tos-ap-southeast-1.volces.com/banner_pc_DAVE_THE_DIVER-1.jpg",
    "https://cloudmoon.tos-ap-southeast-1.volces.com/banner_pc_DAVE_THE_DIVER-2.jpg",
    "https://cloudmoon.tos-ap-southeast-1.volces.com/banner_pc_DAVE_THE_DIVER-3.jpg"
  ]
}