{
  "icon": "https://cloudmoon.tos-ap-southeast-1.volces.com/icon_Cuphead.png",
  "title": "Cuphead",
  "subTitle": "Difficult / Cartoon",
  "desc": "Cuphead is a classic run and gun action game heavily focused on boss battles. Inspired by cartoons of the 1930s, the visuals and audio are painstakingly created with the same techniques of the era, i.e. traditional hand drawn cel animation, watercolor backgrounds, and original jazz recordings.<br><br>Play as Cuphead or Mugman as you traverse strange worlds, acquire new weapons, learn powerful super moves, and discover hidden secrets while you try to pay your debt back to the devil!",
  "images": [
    "https://cloudmoon.tos-ap-southeast-1.volces.com/banner_pc_Cuphead-1.jpg",
    "https://cloudmoon.tos-ap-southeast-1.volces.com/banner_pc_Cuphead-2.jpg",
    "https://cloudmoon.tos-ap-southeast-1.volces.com/banner_pc_Cuphead-3.jpg"
  ]
}