{
  "icon": "https://cloudmoon-1305370474.cos.ap-singapore.myqcloud.com/cloudgame-icon/icon_Super_Mario_3D.jpg",
  "title": "Super Mario 3D World",
  "subTitle": "Action / Adventure",
  "desc": "Power up, team up, one up to save the Sprixie Kingdom!\nPounce and climb through dozens of colorful courses! Multiply the fun by teaming up with or competing against friends locally* or online** to reach each stage’s goal. Work together to explore and uncover collectibles, or compete for the crown by earning the highest score, making for a friendly frenzy! Mario (and his friends) can use a variety of power-ups like the Super Bell, which grants catlike abilities like climbing and scratching. Power up to complete stages and take the crown!\n\nExplore a seamless feline world in the new Bowser’s Fury adventure\n\nFree-roaming Super Mario gameplay makes a return in this brand-new adventure. Bowser has become gargantuan and lost all control! Explore Lake Lapcat and its islands, complete objectives to collect Cat Shines, and team up with Bowser Jr. to bring his big, bad dad back to normal. Just watch out for Bowser’s island-wide attacks.\n\nNew and improved features pounce in\n\nThe Super Mario 3D World + Bowser’s Fury game features the same lively co-op gameplay, creative levels and power-ups as the original game, but with added improvements. In the Super Mario 3D World part of the game, characters move faster and the dash powers up more quickly. Both adventures support the newly added Snapshot Mode—pause the action to get the perfect shot, apply filters, and decorate with stamps!\n\nIn Super Mario 3D World, choose from Mario, Luigi, Peach, and Toad and set off to save the Sprixie Kingdom. Each character has a distinct playstyle—Luigi can jump extra high and Peach can float for a short time. Rosalina is also available as a playable character later in the game! Jump, dash, and pounce to reach the goal while collecting Green Stars, coins and power-ups.\n\nCollect stamps throughout your adventure in Super Mario 3D World and use them in Snapshot Mode (in both Super Mario 3D World and the Bowser’s Fury adventure) to create masterpieces to share with friends and family.\n\nIn Bowser’s Fury, Mario arrives on Lake Lapcat and is confronted with a rampaging Bowser! Join forces with Bowser Jr. and venture through an interconnected world made of cat-themed…well, everything. Enemies, flowers, and even birds take on a feline form.\n\nNeed some extra assistance bringing Bowser out of his frenzied, furious state? Another player can take control of Bowser Jr. and help out by attacking enemies and storing power-ups. Two sets of claws are better than one!",
  "images": [
    "https://cloudmoon.tos-ap-southeast-1.volces.com/banner_pc_Super_Mario_3D_World-1.jpg",
    "https://cloudmoon.tos-ap-southeast-1.volces.com/banner_pc_Super_Mario_3D_World-2.jpg",
    "https://cloudmoon.tos-ap-southeast-1.volces.com/banner_pc_Super_Mario_3D_World-3.jpg"
  ]
}