{
  "icon": "https://cloudmoon.tos-ap-southeast-1.volces.com/icon_13_Sentinels_Aegis_Rim.png",
  "title": "13 Sentinels: Aegis Rim",
  "subTitle": "Text Adventure / Combat Simulation",
  "desc": "Vanillaware, the storytellers behind Odin Sphere and Dragon’s Crown, craft a sci-fi mystery epic spanning thirteen intertwining stories.Uncover the truth and delve into a 2D sidescrolling adventure featuring gorgeous art and environments. Then, battle the kaiju in fast-paced, top-down combat. Customize the Sentinels with an arsenal of mechsuit weaponry, and fight to defend humanity!",
  "images": [
    "https://cloudmoon.tos-ap-southeast-1.volces.com/banner_pc_13_Sentinels-1.png",
    "https://cloudmoon.tos-ap-southeast-1.volces.com/banner_pc_13_Sentinels-2.png",
    "https://cloudmoon.tos-ap-southeast-1.volces.com/banner_pc_13_Sentinels-3.png"
  ]
}