{
  "icon": "https://cloudmoon.tos-ap-southeast-1.volces.com/icon_Minecraft.png",
  "title": "Minecraft",
  "subTitle": "Simulation / Sandbox",
  "desc": "Dive into an open world of building, crafting and survival in the ultimate sandbox builder. Gather resources, survive the night, and build whatever you can imagine one block at a time. Explore and craft your way through a completely open world, build a block city, start a farm, mine deep into the ground, face mysterious enemies, or just experiment to the limits of your imagination!<br><br>The possibilities are endless. Multi craft and start building from the ground up. Build and expand in Creative mode, where you can craft from unlimited resources. Survive the night, face intense battles, craft tools, and fend off danger in Survival mode. You can adventure solo, and discover an infinite, randomly generated world filled with blocks to mine, biomes to explore, and mobs to befriend (or battle)!<br><br>In Minecraft, the world is yours to shape!",
  "images": [
    "https://cloudmoon.tos-ap-southeast-1.volces.com/banner_pc_Minecraft-1.jpg",
    "https://cloudmoon.tos-ap-southeast-1.volces.com/banner_pc_Minecraft-2.jpg",
    "https://cloudmoon.tos-ap-southeast-1.volces.com/banner_pc_Minecraft-3.jpg"
  ]
}