{
  "icon": "https://cloudmoon.tos-ap-southeast-1.volces.com/icon_Valiant_Hearts_Coming_Home.jpg",
  "title": "Valiant Hearts: Coming Home",
  "subTitle": "Adventure / Platformer",
  "desc": "In Valiant Hearts: Coming Home, play as four characters through exploration, action, and puzzles.<br><br>With James, brother of the courageous Freddie, relive the story of the renowned Harlem Hellfighters. Follow George, a mysterious pilot helping the Allied forces thanks to his flying skills and smarts. Play as Ernst, a German diver sadly swept into the great conflict. Finally, join Anna once again as she struggles in her quest to save as many lives as she can.",
  "images": [
    "https://cloudmoon.tos-ap-southeast-1.volces.com/banner_pc_Valiant_Hearts_Coming_Home-1.jpg",
    "https://cloudmoon.tos-ap-southeast-1.volces.com/banner_pc_Valiant_Hearts_Coming_Home-2.jpg",
    "https://cloudmoon.tos-ap-southeast-1.volces.com/banner_pc_Valiant_Hearts_Coming_Home-3.jpg"
  ]
}