{
  "icon": "https://cloudmoon.tos-ap-southeast-1.volces.com/icon_Sudoku_Classic_2.png",
  "title": "Sudoku Classic 2",
  "subTitle": "Puzzle",
  "desc": "Customizable Sudoku with the feel of writing with a pen on paper and the ease of playing a video game.<br>It's a video game, but you can play it as if you were writing with a pen on paper.<br>You can customize the assist functions to your liking.<br><br>● Customize the assist functions and play with the settings you like.<br><br>●The game can be played anytime, anywhere, even if it takes a long time.<br><br>●Touch controls are supported.<br>Touch controls make it easy to play casually.<br><br>●There are a total of 300 problems in EASY, NORMAL, and HARD difficulty levels.<br>There are 300 problems in three difficulty levels: EASY, NORMAL, and HARD.",
  "images": [
    "https://cloudmoon.tos-ap-southeast-1.volces.com/banner_pc_Sudoku_Classic_2-1.jpg",
    "https://cloudmoon.tos-ap-southeast-1.volces.com/banner_pc_Sudoku_Classic_2-2.jpg",
    "https://cloudmoon.tos-ap-southeast-1.volces.com/banner_pc_Sudoku_Classic_2-3.jpg"
  ]
}