{
  "icon": "https://cloudmoon.tos-ap-southeast-1.volces.com/icon_Disco_Elysium_The_Final_Cut.png",
  "title": "Disco Elysium - The Final Cut",
  "subTitle": "RPG / Story Rich",
  "desc": "Disco Elysium - The Final Cut is the definitive edition of the groundbreaking role playing game. You’re a detective with a unique skill system at your disposal and a whole city block to carve your path across. Interrogate unforgettable characters, crack murders, or take bribes. Become a hero or an absolute disaster of a human being.",
  "images": [
    "https://cloudmoon.tos-ap-southeast-1.volces.com/banner_pc_Disco_Elysium-1.jpg",
    "https://cloudmoon.tos-ap-southeast-1.volces.com/banner_pc_Disco_Elysium-2.jpg",
    "https://cloudmoon.tos-ap-southeast-1.volces.com/banner_pc_Disco_Elysium-3.jpg"
  ]
}